job_id,title,company,city,state,country,remote,salary,experience_years,experience_level,description,skills_raw,employment_type,industry,education,date_posted
1,Data Scientist,Acme Corp,Bangalore,Karnataka,India,False,852417,0,Entry,"We are hiring a Data Scientist. Required skills: machine learning, numpy, pandas. Strong communication and adaptability expected. <p>Work with cross-functional teams to deliver impact.</p>","machine learning, numpy, pandas",Full-time,Fintech,Bachelors,2025-05-24
2,Data Engineer,DataWorks,Chennai,Tamil Nadu,India,False,1442944,3,Mid,"We are hiring a Data Engineer. Required skills: airflow, sql, etl, spark, python, aws, docker. Strong communication and leadership expected. <p>Work with cross-functional teams to deliver impact.</p>","airflow, sql, etl, spark, python, aws, docker",Full-time,E-commerce,BTech,2025-06-04
3,AI Engineer,StackWave,Chennai,Tamil Nadu,India,False,1389201,6,Mid,"We are hiring a AI Engineer. Required skills: aws, computer vision, python. Strong teamwork and communication expected. <p>Work with cross-functional teams to deliver impact.</p>","aws, computer vision, python",Full-time,SaaS,Masters,2025-07-17
4,AI Engineer,Vertex Labs,Pune,Maharashtra,India,False,1382528,4,Mid,"We are hiring a AI Engineer. Required skills: pytorch, python, computer vision. Strong problem solving and communication expected. <p>Work with cross-functional teams to deliver impact.</p>","pytorch, python, computer vision",Internship,SaaS,Masters,2025-05-17
5,Data Engineer,Cloudify,Chennai,Tamil Nadu,India,False,2163659,9,Senior,"We are hiring a Data Engineer. Required skills: airflow, etl, spark, sql. Strong leadership and problem solving expected. <p>Work with cross-functional teams to deliver impact.</p>","airflow, etl, spark, sql",Full-time,Fintech,BTech,2025-02-24
6,Frontend Developer,StackWave,Pune,Maharashtra,India,False,879245,2,Entry,"We are hiring a Frontend Developer. Required skills: css, react, html, javascript. Strong leadership and problem solving expected. <p>Work with cross-functional teams to deliver impact.</p>","css, react, html, javascript",Full-time,Fintech,MTech,2025-01-24
7,Data Analyst,StackWave,Delhi,Delhi,India,False,2510156,7,Senior,"We are hiring a Data Analyst. Required skills: sql, pandas, statistics. Strong leadership and problem solving expected. <p>Work with cross-functional teams to deliver impact.</p>","sql, pandas, statistics",Internship,IT Services,Bachelors,2025-06-24
8,Backend Developer,NextGen AI,Remote,Remote,India,True,637330,1,Entry,"We are hiring a Backend Developer. Required skills: docker, flask, python, django, sql. Strong communication and problem solving expected. <p>Work with cross-functional teams to deliver impact.</p>","docker, flask, python, django, sql",Internship,EdTech,Masters,2025-02-09
9,Software Engineer,Vertex Labs,Chennai,Tamil Nadu,India,False,1352451,2,Mid,"We are hiring a Software Engineer. Required skills: node.js, docker, python, javascript. Strong communication and teamwork expected. <p>Work with cross-functional teams to deliver impact.</p>","node.js, docker, python, javascript",Internship,IT Services,Bachelors,2025-07-07
10,Frontend Developer,Vertex Labs,Pune,Maharashtra,India,False,2553692,8,Senior,"We are hiring a Frontend Developer. Required skills: html, react, javascript. Strong adaptability and teamwork expected. <p>Work with cross-functional teams to deliver impact.</p>","html, react, javascript",Internship,E-commerce,MTech,2025-06-21
11,Software Engineer,Acme Corp,Hyderabad,Telangana,India,False,1300914,6,Mid,"We are hiring a Software Engineer. Required skills: node.js, react, python, java, docker, javascript. Strong communication and adaptability expected. <p>Work with cross-functional teams to deliver impact.</p>","node.js, react, python, java, docker, javascript",Full-time,IT Services,Bachelors,2025-08-09
12,Software Engineer,Vertex Labs,Hyderabad,Telangana,India,False,2605631,14,Senior,"We are hiring a Software Engineer. Required skills: node.js, java, javascript. Strong leadership and adaptability expected. <p>Work with cross-functional teams to deliver impact.</p>","node.js, java, javascript",Full-time,IT Services,Bachelors,2025-06-18
13,BI Analyst,DataWorks,Delhi,Delhi,India,False,2485784,6,Senior,"We are hiring a BI Analyst. Required skills: excel, communication, power bi, sql. Strong teamwork and adaptability expected. <p>Work with cross-functional teams to deliver impact.</p>","excel, communication, power bi, sql",Full-time,EdTech,MTech,2025-02-05
14,BI Analyst,DataWorks,Bangalore,Karnataka,India,False,425474,1,Entry,"We are hiring a BI Analyst. Required skills: tableau, excel, sql. Strong teamwork and adaptability expected. <p>Work with cross-functional teams to deliver impact.</p>","tableau, excel, sql",Contract,Healthcare,MTech,2025-02-24
15,BI Analyst,NimbusTech,Delhi,Delhi,India,False,1520311,5,Mid,"We are hiring a BI Analyst. Required skills: power bi, excel, sql. Strong teamwork and problem solving expected. <p>Work with cross-functional teams to deliver impact.</p>","power bi, excel, sql",Full-time,IT Services,Bachelors,2025-07-11
16,Software Engineer,NimbusTech,Remote,Remote,India,True,2194002,6,Senior,"We are hiring a Software Engineer. Required skills: python, node.js, react. Strong communication and adaptability expected. <p>Work with cross-functional teams to deliver impact.</p>","python, node.js, react",Internship,Fintech,MTech,2025-01-31
17,DevOps Engineer,BrightSoft,Remote,Remote,India,True,761737,1,Entry,"We are hiring a DevOps Engineer. Required skills: github actions, linux, docker, aws. Strong teamwork and problem solving expected. <p>Work with cross-functional teams to deliver impact.</p>","github actions, linux, docker, aws",Full-time,E-commerce,MTech,2025-02-03
18,AI Engineer,DataWorks,Hyderabad,Telangana,India,False,2535962,10,Senior,"We are hiring a AI Engineer. Required skills: nlp, python, deep learning, pytorch, computer vision, aws. Strong teamwork and problem solving expected. <p>Work with cross-functional teams to deliver impact.</p>","nlp, python, deep learning, pytorch, computer vision, aws",Contract,Fintech,MTech,2025-08-02
19,Backend Developer,NextGen AI,Bangalore,Karnataka,India,False,2262235,10,Senior,"We are hiring a Backend Developer. Required skills: sql, docker, python, flask, django. Strong teamwork and problem solving expected. <p>Work with cross-functional teams to deliver impact.</p>","sql, docker, python, flask, django",Contract,EdTech,Masters,2025-07-03
20,Software Engineer,Acme Corp,Chennai,Tamil Nadu,India,False,1320120,2,Mid,"We are hiring a Software Engineer. Required skills: git, docker, javascript, react. Strong communication and problem solving expected. <p>Work with cross-functional teams to deliver impact.</p>","git, docker, javascript, react",Full-time,SaaS,BTech,2025-02-11
21,Frontend Developer,PixelForge,Remote,Remote,India,True,2305287,15,Senior,"We are hiring a Frontend Developer. Required skills: css, javascript, html, typescript, react. Strong teamwork and communication expected. <p>Work with cross-functional teams to deliver impact.</p>","css, javascript, html, typescript, react",Contract,E-commerce,Bachelors,2025-08-19
22,Software Engineer,NimbusTech,Hyderabad,Telangana,India,False,2300395,8,Senior,"We are hiring a Software Engineer. Required skills: git, java, python, javascript. Strong leadership and communication expected. <p>Work with cross-functional teams to deliver impact.</p>","git, java, python, javascript",Full-time,SaaS,BTech,2025-07-20
23,BI Analyst,Cloudify,Chennai,Tamil Nadu,India,False,932662,1,Entry,"We are hiring a BI Analyst. Required skills: power bi, tableau, sql, excel, communication. Strong problem solving and teamwork expected. <p>Work with cross-functional teams to deliver impact.</p>","power bi, tableau, sql, excel, communication",Full-time,IT Services,Masters,2025-04-13
24,Software Engineer,BrightSoft,Bangalore,Karnataka,India,False,2270944,11,Senior,"We are hiring a Software Engineer. Required skills: docker, python, javascript, node.js, react. Strong teamwork and problem solving expected. <p>Work with cross-functional teams to deliver impact.</p>","docker, python, javascript, node.js, react",Full-time,IT Services,MTech,2025-03-30
25,Software Engineer,Cloudify,Remote,Remote,India,True,1276606,5,Mid,"We are hiring a Software Engineer. Required skills: node.js, docker, python, react, javascript, git. Strong leadership and communication expected. <p>Work with cross-functional teams to deliver impact.</p>","node.js, docker, python, react, javascript, git",Internship,E-commerce,BTech,2025-06-19
26,Data Scientist,PixelForge,Hyderabad,Telangana,India,False,2590869,8,Senior,"We are hiring a Data Scientist. Required skills: statistics, numpy, scikit-learn, machine learning, pandas. Strong teamwork and problem solving expected. <p>Work with cross-functional teams to deliver impact.</p>","statistics, numpy, scikit-learn, machine learning, pandas",Contract,EdTech,Bachelors,2025-03-19
27,AI Engineer,DataWorks,Delhi,Delhi,India,False,1207934,3,Mid,"We are hiring a AI Engineer. Required skills: computer vision, deep learning, nlp, pytorch. Strong problem solving and adaptability expected. <p>Work with cross-functional teams to deliver impact.</p>","computer vision, deep learning, nlp, pytorch",Full-time,Fintech,BTech,2025-02-27
28,Data Engineer,PixelForge,Mumbai,Maharashtra,India,False,2333880,12,Senior,"We are hiring a Data Engineer. Required skills: python, etl, sql, airflow. Strong leadership and adaptability expected. <p>Work with cross-functional teams to deliver impact.</p>","python, etl, sql, airflow",Full-time,Fintech,Bachelors,2025-08-17
29,Data Scientist,Quantify Inc,Mumbai,Maharashtra,India,False,802711,1,Entry,"We are hiring a Data Scientist. Required skills: pandas, sql, statistics, scikit-learn, python, numpy. Strong adaptability and leadership expected. <p>Work with cross-functional teams to deliver impact.</p>","pandas, sql, statistics, scikit-learn, python, numpy",Internship,Healthcare,Masters,2025-07-10
30,Frontend Developer,BrightSoft,Delhi,Delhi,India,False,2211247,10,Senior,"We are hiring a Frontend Developer. Required skills: typescript, react, html, css. Strong teamwork and problem solving expected. <p>Work with cross-functional teams to deliver impact.</p>","typescript, react, html, css",Contract,E-commerce,Bachelors,2025-02-05
31,ML Engineer,PixelForge,Remote,Remote,India,True,918557,1,Entry,"We are hiring a ML Engineer. Required skills: docker, scikit-learn, pytorch, aws. Strong communication and teamwork expected. <p>Work with cross-functional teams to deliver impact.</p>","docker, scikit-learn, pytorch, aws",Contract,Healthcare,Bachelors,2025-08-08
32,DevOps Engineer,Vertex Labs,Hyderabad,Telangana,India,False,2681945,15,Senior,"We are hiring a DevOps Engineer. Required skills: jenkins, docker, aws, kubernetes, linux, github actions. Strong problem solving and leadership expected. <p>Work with cross-functional teams to deliver impact.</p>","jenkins, docker, aws, kubernetes, linux, github actions",Contract,IT Services,MTech,2025-03-28
33,BI Analyst,NimbusTech,Mumbai,Maharashtra,India,False,2599433,7,Senior,"We are hiring a BI Analyst. Required skills: power bi, excel, sql, tableau, communication. Strong leadership and teamwork expected. <p>Work with cross-functional teams to deliver impact.</p>","power bi, excel, sql, tableau, communication",Full-time,E-commerce,MTech,2025-03-25
34,Data Engineer,Vertex Labs,Bangalore,Karnataka,India,False,836960,1,Entry,"We are hiring a Data Engineer. Required skills: spark, etl, airflow, docker, sql, aws. Strong communication and adaptability expected. <p>Work with cross-functional teams to deliver impact.</p>","spark, etl, airflow, docker, sql, aws",Full-time,Fintech,Masters,2025-08-03
35,Data Analyst,NimbusTech,Hyderabad,Telangana,India,False,1210096,4,Mid,"We are hiring a Data Analyst. Required skills: sql, statistics, pandas, power bi, excel, python, tableau. Strong problem solving and communication expected. <p>Work with cross-functional teams to deliver impact.</p>","sql, statistics, pandas, power bi, excel, python, tableau",Internship,IT Services,BTech,2025-05-28
36,BI Analyst,StackWave,Chennai,Tamil Nadu,India,False,556935,2,Entry,"We are hiring a BI Analyst. Required skills: power bi, sql, tableau, excel. Strong communication and problem solving expected. <p>Work with cross-functional teams to deliver impact.</p>","power bi, sql, tableau, excel",Internship,Healthcare,BTech,2025-01-18
37,Backend Developer,NextGen AI,Delhi,Delhi,India,False,1234692,5,Mid,"We are hiring a Backend Developer. Required skills: python, fastapi, sql, docker, django. Strong problem solving and leadership expected. <p>Work with cross-functional teams to deliver impact.</p>","python, fastapi, sql, docker, django",Contract,Healthcare,BTech,2025-03-24
38,Data Engineer,Quantify Inc,Pune,Maharashtra,India,False,1040094,6,Mid,"We are hiring a Data Engineer. Required skills: spark, airflow, sql. Strong problem solving and teamwork expected. <p>Work with cross-functional teams to deliver impact.</p>","spark, airflow, sql",Contract,Fintech,BTech,2025-07-24
39,AI Engineer,Quantify Inc,Mumbai,Maharashtra,India,False,2576170,9,Senior,"We are hiring a AI Engineer. Required skills: nlp, deep learning, aws, computer vision, python. Strong adaptability and teamwork expected. <p>Work with cross-functional teams to deliver impact.</p>","nlp, deep learning, aws, computer vision, python",Internship,Healthcare,MTech,2025-04-25
40,Data Analyst,NextGen AI,Pune,Maharashtra,India,False,2606249,15,Senior,"We are hiring a Data Analyst. Required skills: excel, sql, power bi. Strong adaptability and problem solving expected. <p>Work with cross-functional teams to deliver impact.</p>","excel, sql, power bi",Contract,SaaS,BTech,2025-04-01
41,Frontend Developer,Vertex Labs,Mumbai,Maharashtra,India,False,2324143,7,Senior,"We are hiring a Frontend Developer. Required skills: typescript, html, javascript, css. Strong teamwork and leadership expected. <p>Work with cross-functional teams to deliver impact.</p>","typescript, html, javascript, css",Contract,SaaS,BTech,2025-01-26
42,Data Engineer,NextGen AI,Bangalore,Karnataka,India,False,2207174,10,Senior,"We are hiring a Data Engineer. Required skills: sql, spark, etl, docker, python. Strong problem solving and teamwork expected. <p>Work with cross-functional teams to deliver impact.</p>","sql, spark, etl, docker, python",Internship,Healthcare,Bachelors,2025-08-12
43,Data Analyst,DataWorks,Delhi,Delhi,India,False,1605633,2,Mid,"We are hiring a Data Analyst. Required skills: excel, power bi, pandas, tableau, sql, python, statistics. Strong adaptability and communication expected. <p>Work with cross-functional teams to deliver impact.</p>","excel, power bi, pandas, tableau, sql, python, statistics",Full-time,Fintech,BTech,2025-01-22
44,Data Engineer,Quantify Inc,Delhi,Delhi,India,False,2582398,14,Senior,"We are hiring a Data Engineer. Required skills: aws, airflow, etl. Strong problem solving and leadership expected. <p>Work with cross-functional teams to deliver impact.</p>","aws, airflow, etl",Contract,EdTech,Bachelors,2025-06-06
45,Data Scientist,Acme Corp,Bangalore,Karnataka,India,False,594136,0,Entry,"We are hiring a Data Scientist. Required skills: machine learning, pandas, numpy, python. Strong leadership and adaptability expected. <p>Work with cross-functional teams to deliver impact.</p>","machine learning, pandas, numpy, python",Internship,EdTech,MTech,2025-03-16
46,Data Analyst,PixelForge,Chennai,Tamil Nadu,India,False,637428,2,Entry,"We are hiring a Data Analyst. Required skills: excel, pandas, statistics, power bi. Strong communication and teamwork expected. <p>Work with cross-functional teams to deliver impact.</p>","excel, pandas, statistics, power bi",Internship,Fintech,BTech,2025-07-31
47,ML Engineer,Quantify Inc,Delhi,Delhi,India,False,2240394,10,Senior,"We are hiring a ML Engineer. Required skills: python, pytorch, tensorflow. Strong problem solving and leadership expected. <p>Work with cross-functional teams to deliver impact.</p>","python, pytorch, tensorflow",Contract,EdTech,MTech,2025-04-23
48,Data Scientist,StackWave,Chennai,Tamil Nadu,India,False,2472602,6,Senior,"We are hiring a Data Scientist. Required skills: python, scikit-learn, numpy, statistics, sql, machine learning, pandas. Strong communication and teamwork expected. <p>Work with cross-functional teams to deliver impact.</p>","python, scikit-learn, numpy, statistics, sql, machine learning, pandas",Contract,EdTech,MTech,2025-08-23
49,AI Engineer,NimbusTech,Pune,Maharashtra,India,False,1139680,5,Mid,"We are hiring a AI Engineer. Required skills: deep learning, computer vision, aws, python. Strong problem solving and leadership expected. <p>Work with cross-functional teams to deliver impact.</p>","deep learning, computer vision, aws, python",Internship,Healthcare,BTech,2025-06-19
50,BI Analyst,NextGen AI,Chennai,Tamil Nadu,India,False,1051206,5,Mid,"We are hiring a BI Analyst. Required skills: sql, excel, communication, power bi, tableau. Strong leadership and adaptability expected. <p>Work with cross-functional teams to deliver impact.</p>","sql, excel, communication, power bi, tableau",Full-time,Fintech,BTech,2025-06-09
51,Frontend Developer,NimbusTech,Bangalore,Karnataka,India,False,1300921,5,Mid,"We are hiring a Frontend Developer. Required skills: css, javascript, html, react, typescript. Strong problem solving and communication expected. <p>Work with cross-functional teams to deliver impact.</p>","css, javascript, html, react, typescript",Internship,Healthcare,Bachelors,2025-02-27
52,Data Scientist,Quantify Inc,Chennai,Tamil Nadu,India,False,2675937,12,Senior,"We are hiring a Data Scientist. Required skills: python, machine learning, pandas, scikit-learn, numpy, statistics. Strong teamwork and leadership expected. <p>Work with cross-functional teams to deliver impact.</p>","python, machine learning, pandas, scikit-learn, numpy, statistics",Internship,Fintech,MTech,2025-02-18
53,DevOps Engineer,StackWave,Mumbai,Maharashtra,India,False,2443058,10,Senior,"We are hiring a DevOps Engineer. Required skills: docker, aws, jenkins, kubernetes. Strong adaptability and leadership expected. <p>Work with cross-functional teams to deliver impact.</p>","docker, aws, jenkins, kubernetes",Full-time,Healthcare,MTech,2025-03-30
54,Software Engineer,Quantify Inc,Bangalore,Karnataka,India,False,2523632,12,Senior,"We are hiring a Software Engineer. Required skills: docker, node.js, react, git, java, python, javascript. Strong leadership and adaptability expected. <p>Work with cross-functional teams to deliver impact.</p>","docker, node.js, react, git, java, python, javascript",Internship,SaaS,Masters,2025-05-07
55,Data Analyst,PixelForge,Bangalore,Karnataka,India,False,1181157,6,Mid,"We are hiring a Data Analyst. Required skills: tableau, statistics, excel, python. Strong teamwork and communication expected. <p>Work with cross-functional teams to deliver impact.</p>","tableau, statistics, excel, python",Contract,E-commerce,BTech,2025-06-09
56,BI Analyst,Vertex Labs,Bangalore,Karnataka,India,False,2221744,14,Senior,"We are hiring a BI Analyst. Required skills: sql, tableau, excel, power bi, communication. Strong problem solving and teamwork expected. <p>Work with cross-functional teams to deliver impact.</p>","sql, tableau, excel, power bi, communication",Internship,IT Services,MTech,2025-01-26
57,Data Scientist,Vertex Labs,Delhi,Delhi,India,False,622640,1,Entry,"We are hiring a Data Scientist. Required skills: pandas, machine learning, numpy, python, scikit-learn, sql. Strong adaptability and leadership expected. <p>Work with cross-functional teams to deliver impact.</p>","pandas, machine learning, numpy, python, scikit-learn, sql",Internship,SaaS,Masters,2025-02-13
58,ML Engineer,Quantify Inc,Hyderabad,Telangana,India,False,2353467,15,Senior,"We are hiring a ML Engineer. Required skills: aws, docker, mlops. Strong problem solving and leadership expected. <p>Work with cross-functional teams to deliver impact.</p>","aws, docker, mlops",Contract,SaaS,Bachelors,2025-08-19
59,Frontend Developer,Quantify Inc,Mumbai,Maharashtra,India,False,1292246,4,Mid,"We are hiring a Frontend Developer. Required skills: html, react, javascript, css. Strong problem solving and teamwork expected. <p>Work with cross-functional teams to deliver impact.</p>","html, react, javascript, css",Contract,Healthcare,Bachelors,2025-03-02
60,BI Analyst,StackWave,Remote,Remote,India,True,2201426,6,Senior,"We are hiring a BI Analyst. Required skills: tableau, communication, excel, power bi, sql. Strong leadership and problem solving expected. <p>Work with cross-functional teams to deliver impact.</p>","tableau, communication, excel, power bi, sql",Full-time,EdTech,BTech,2025-02-26
61,Data Engineer,DataWorks,Mumbai,Maharashtra,India,False,1227795,6,Mid,"We are hiring a Data Engineer. Required skills: spark, docker, sql, python, etl, airflow, aws. Strong problem solving and adaptability expected. <p>Work with cross-functional teams to deliver impact.</p>","spark, docker, sql, python, etl, airflow, aws",Internship,Healthcare,Masters,2025-02-21
62,ML Engineer,NimbusTech,Delhi,Delhi,India,False,1168957,4,Mid,"We are hiring a ML Engineer. Required skills: tensorflow, aws, scikit-learn, mlops, python, pytorch, docker. Strong teamwork and leadership expected. <p>Work with cross-functional teams to deliver impact.</p>","tensorflow, aws, scikit-learn, mlops, python, pytorch, docker",Internship,E-commerce,Bachelors,2025-07-22
63,BI Analyst,DataWorks,Delhi,Delhi,India,False,1399518,4,Mid,"We are hiring a BI Analyst. Required skills: tableau, sql, power bi. Strong teamwork and leadership expected. <p>Work with cross-functional teams to deliver impact.</p>","tableau, sql, power bi",Full-time,EdTech,BTech,2025-08-23
64,DevOps Engineer,Acme Corp,Hyderabad,Telangana,India,False,1077549,5,Mid,"We are hiring a DevOps Engineer. Required skills: linux, docker, jenkins, aws. Strong problem solving and leadership expected. <p>Work with cross-functional teams to deliver impact.</p>","linux, docker, jenkins, aws",Full-time,IT Services,Masters,2025-08-16
65,Backend Developer,PixelForge,Remote,Remote,India,True,2292029,12,Senior,"We are hiring a Backend Developer. Required skills: fastapi, docker, flask, sql. Strong communication and leadership expected. <p>Work with cross-functional teams to deliver impact.</p>","fastapi, docker, flask, sql",Internship,Healthcare,BTech,2025-01-09
66,Software Engineer,Acme Corp,Mumbai,Maharashtra,India,False,806096,2,Entry,"We are hiring a Software Engineer. Required skills: react, docker, java, javascript. Strong leadership and problem solving expected. <p>Work with cross-functional teams to deliver impact.</p>","react, docker, java, javascript",Full-time,IT Services,MTech,2025-01-24
67,Data Engineer,Cloudify,Chennai,Tamil Nadu,India,False,2434316,9,Senior,"We are hiring a Data Engineer. Required skills: python, etl, spark, sql, docker, aws, airflow. Strong teamwork and communication expected. <p>Work with cross-functional teams to deliver impact.</p>","python, etl, spark, sql, docker, aws, airflow",Contract,Fintech,Masters,2025-05-19
68,AI Engineer,BrightSoft,Bangalore,Karnataka,India,False,1212710,6,Mid,"We are hiring a AI Engineer. Required skills: python, aws, pytorch, deep learning. Strong communication and teamwork expected. <p>Work with cross-functional teams to deliver impact.</p>","python, aws, pytorch, deep learning",Internship,Healthcare,Bachelors,2025-07-10
69,Data Scientist,Acme Corp,Delhi,Delhi,India,False,2202663,10,Senior,"We are hiring a Data Scientist. Required skills: scikit-learn, numpy, statistics, python, pandas, sql. Strong leadership and adaptability expected. <p>Work with cross-functional teams to deliver impact.</p>","scikit-learn, numpy, statistics, python, pandas, sql",Contract,SaaS,Bachelors,2025-05-06
70,Frontend Developer,PixelForge,Remote,Remote,India,True,750981,0,Entry,"We are hiring a Frontend Developer. Required skills: javascript, typescript, css. Strong adaptability and problem solving expected. <p>Work with cross-functional teams to deliver impact.</p>","javascript, typescript, css",Contract,EdTech,MTech,2025-01-26
71,Data Scientist,Cloudify,Pune,Maharashtra,India,False,1537494,5,Mid,"We are hiring a Data Scientist. Required skills: machine learning, pandas, scikit-learn, statistics, python, sql, numpy. Strong problem solving and adaptability expected. <p>Work with cross-functional teams to deliver impact.</p>","machine learning, pandas, scikit-learn, statistics, python, sql, numpy",Full-time,SaaS,MTech,2025-01-18
72,Data Scientist,StackWave,Remote,Remote,India,True,2172894,8,Senior,"We are hiring a Data Scientist. Required skills: python, scikit-learn, sql. Strong adaptability and problem solving expected. <p>Work with cross-functional teams to deliver impact.</p>","python, scikit-learn, sql",Internship,IT Services,MTech,2025-04-01
73,BI Analyst,Vertex Labs,Hyderabad,Telangana,India,False,955612,2,Entry,"We are hiring a BI Analyst. Required skills: sql, tableau, excel, power bi, communication. Strong communication and problem solving expected. <p>Work with cross-functional teams to deliver impact.</p>","sql, tableau, excel, power bi, communication",Internship,E-commerce,Bachelors,2025-07-15
74,AI Engineer,BrightSoft,Hyderabad,Telangana,India,False,2416544,6,Senior,"We are hiring a AI Engineer. Required skills: computer vision, deep learning, python, nlp. Strong problem solving and adaptability expected. <p>Work with cross-functional teams to deliver impact.</p>","computer vision, deep learning, python, nlp",Full-time,Fintech,Masters,2025-05-25
75,BI Analyst,Cloudify,Delhi,Delhi,India,False,2585682,12,Senior,"We are hiring a BI Analyst. Required skills: power bi, sql, excel. Strong teamwork and problem solving expected. <p>Work with cross-functional teams to deliver impact.</p>","power bi, sql, excel",Contract,SaaS,BTech,2025-07-18
76,DevOps Engineer,Quantify Inc,Delhi,Delhi,India,False,2554611,10,Senior,"We are hiring a DevOps Engineer. Required skills: docker, kubernetes, github actions. Strong adaptability and leadership expected. <p>Work with cross-functional teams to deliver impact.</p>","docker, kubernetes, github actions",Contract,E-commerce,Masters,2025-07-13
77,Backend Developer,Acme Corp,Remote,Remote,India,True,1333401,6,Mid,"We are hiring a Backend Developer. Required skills: flask, fastapi, python. Strong teamwork and leadership expected. <p>Work with cross-functional teams to deliver impact.</p>","flask, fastapi, python",Internship,IT Services,Bachelors,2025-02-22
78,AI Engineer,PixelForge,Hyderabad,Telangana,India,False,565461,0,Entry,"We are hiring a AI Engineer. Required skills: pytorch, nlp, deep learning, aws. Strong adaptability and teamwork expected. <p>Work with cross-functional teams to deliver impact.</p>","pytorch, nlp, deep learning, aws",Internship,EdTech,BTech,2025-01-19
79,BI Analyst,BrightSoft,Delhi,Delhi,India,False,1487983,5,Mid,"We are hiring a BI Analyst. Required skills: sql, excel, communication, power bi, tableau. Strong communication and leadership expected. <p>Work with cross-functional teams to deliver impact.</p>","sql, excel, communication, power bi, tableau",Full-time,E-commerce,Masters,2025-07-25
80,DevOps Engineer,BrightSoft,Bangalore,Karnataka,India,False,1484991,5,Mid,"We are hiring a DevOps Engineer. Required skills: linux, aws, docker, kubernetes, jenkins, github actions. Strong problem solving and teamwork expected. <p>Work with cross-functional teams to deliver impact.</p>","linux, aws, docker, kubernetes, jenkins, github actions",Contract,Fintech,Bachelors,2025-05-11
81,Data Scientist,DataWorks,Hyderabad,Telangana,India,False,650295,0,Entry,"We are hiring a Data Scientist. Required skills: statistics, pandas, numpy, sql, scikit-learn, python, machine learning. Strong teamwork and leadership expected. <p>Work with cross-functional teams to deliver impact.</p>","statistics, pandas, numpy, sql, scikit-learn, python, machine learning",Contract,EdTech,MTech,2025-06-24
82,DevOps Engineer,Cloudify,Remote,Remote,India,True,1108900,4,Mid,"We are hiring a DevOps Engineer. Required skills: linux, aws, kubernetes, jenkins, docker. Strong adaptability and communication expected. <p>Work with cross-functional teams to deliver impact.</p>","linux, aws, kubernetes, jenkins, docker",Contract,Healthcare,MTech,2025-01-10
83,Data Analyst,Quantify Inc,Remote,Remote,India,True,2193015,13,Senior,"We are hiring a Data Analyst. Required skills: statistics, excel, python, tableau, pandas. Strong adaptability and teamwork expected. <p>Work with cross-functional teams to deliver impact.</p>","statistics, excel, python, tableau, pandas",Contract,EdTech,MTech,2025-05-09
84,ML Engineer,Quantify Inc,Bangalore,Karnataka,India,False,2369778,8,Senior,"We are hiring a ML Engineer. Required skills: docker, python, tensorflow. Strong leadership and teamwork expected. <p>Work with cross-functional teams to deliver impact.</p>","docker, python, tensorflow",Contract,E-commerce,BTech,2025-04-10
85,BI Analyst,BrightSoft,Mumbai,Maharashtra,India,False,835341,1,Entry,"We are hiring a BI Analyst. Required skills: communication, sql, tableau, power bi. Strong problem solving and teamwork expected. <p>Work with cross-functional teams to deliver impact.</p>","communication, sql, tableau, power bi",Contract,IT Services,Masters,2025-08-23
86,Software Engineer,NimbusTech,Delhi,Delhi,India,False,2494432,14,Senior,"We are hiring a Software Engineer. Required skills: git, docker, react, java, javascript. Strong adaptability and communication expected. <p>Work with cross-functional teams to deliver impact.</p>","git, docker, react, java, javascript",Internship,SaaS,MTech,2025-05-11
87,Software Engineer,NimbusTech,Hyderabad,Telangana,India,False,554247,1,Entry,"We are hiring a Software Engineer. Required skills: javascript, docker, java. Strong communication and problem solving expected. <p>Work with cross-functional teams to deliver impact.</p>","javascript, docker, java",Full-time,EdTech,Bachelors,2025-06-19
88,Software Engineer,Quantify Inc,Pune,Maharashtra,India,False,2439068,12,Senior,"We are hiring a Software Engineer. Required skills: java, node.js, react, docker, python, javascript, git. Strong adaptability and problem solving expected. <p>Work with cross-functional teams to deliver impact.</p>","java, node.js, react, docker, python, javascript, git",Internship,Healthcare,Masters,2025-05-17
89,Data Engineer,NextGen AI,Chennai,Tamil Nadu,India,False,2550422,10,Senior,"We are hiring a Data Engineer. Required skills: etl, airflow, sql, spark, docker. Strong adaptability and leadership expected. <p>Work with cross-functional teams to deliver impact.</p>","etl, airflow, sql, spark, docker",Full-time,Fintech,Masters,2025-08-12
90,AI Engineer,NimbusTech,Pune,Maharashtra,India,False,2197949,7,Senior,"We are hiring a AI Engineer. Required skills: aws, computer vision, nlp. Strong problem solving and leadership expected. <p>Work with cross-functional teams to deliver impact.</p>","aws, computer vision, nlp",Internship,Fintech,MTech,2025-01-24
91,Data Engineer,Cloudify,Hyderabad,Telangana,India,False,499556,1,Entry,"We are hiring a Data Engineer. Required skills: spark, python, airflow, docker, sql, etl. Strong communication and problem solving expected. <p>Work with cross-functional teams to deliver impact.</p>","spark, python, airflow, docker, sql, etl",Full-time,Fintech,Bachelors,2025-03-15
92,Frontend Developer,DataWorks,Remote,Remote,India,True,893814,1,Entry,"We are hiring a Frontend Developer. Required skills: react, css, html, javascript, typescript. Strong problem solving and teamwork expected. <p>Work with cross-functional teams to deliver impact.</p>","react, css, html, javascript, typescript",Contract,IT Services,Bachelors,2025-03-03
93,BI Analyst,NimbusTech,Remote,Remote,India,True,2403690,14,Senior,"We are hiring a BI Analyst. Required skills: communication, excel, sql, tableau, power bi. Strong problem solving and leadership expected. <p>Work with cross-functional teams to deliver impact.</p>","communication, excel, sql, tableau, power bi",Full-time,EdTech,BTech,2025-03-03
94,DevOps Engineer,Cloudify,Pune,Maharashtra,India,False,1087031,5,Mid,"We are hiring a DevOps Engineer. Required skills: kubernetes, docker, aws, github actions, jenkins, linux. Strong communication and problem solving expected. <p>Work with cross-functional teams to deliver impact.</p>","kubernetes, docker, aws, github actions, jenkins, linux",Full-time,SaaS,Bachelors,2025-07-17
95,DevOps Engineer,NimbusTech,Mumbai,Maharashtra,India,False,2341132,13,Senior,"We are hiring a DevOps Engineer. Required skills: kubernetes, docker, aws, jenkins, linux. Strong communication and leadership expected. <p>Work with cross-functional teams to deliver impact.</p>","kubernetes, docker, aws, jenkins, linux",Full-time,E-commerce,Masters,2025-01-12
96,Data Engineer,BrightSoft,Bangalore,Karnataka,India,False,1210386,5,Mid,"We are hiring a Data Engineer. Required skills: spark, etl, aws. Strong problem solving and communication expected. <p>Work with cross-functional teams to deliver impact.</p>","spark, etl, aws",Internship,E-commerce,BTech,2025-02-01
97,Software Engineer,BrightSoft,Chennai,Tamil Nadu,India,False,1614500,5,Mid,"We are hiring a Software Engineer. Required skills: react, git, docker, node.js, java, python. Strong communication and leadership expected. <p>Work with cross-functional teams to deliver impact.</p>","react, git, docker, node.js, java, python",Full-time,Healthcare,Masters,2025-05-20
98,AI Engineer,Cloudify,Hyderabad,Telangana,India,False,1515471,6,Mid,"We are hiring a AI Engineer. Required skills: python, aws, nlp, computer vision, pytorch. Strong leadership and communication expected. <p>Work with cross-functional teams to deliver impact.</p>","python, aws, nlp, computer vision, pytorch",Internship,E-commerce,MTech,2025-03-12
99,Data Analyst,Acme Corp,Hyderabad,Telangana,India,False,1469457,3,Mid,"We are hiring a Data Analyst. Required skills: pandas, statistics, power bi. Strong teamwork and communication expected. <p>Work with cross-functional teams to deliver impact.</p>","pandas, statistics, power bi",Full-time,SaaS,BTech,2025-04-03
100,BI Analyst,PixelForge,Hyderabad,Telangana,India,False,1434774,2,Mid,"We are hiring a BI Analyst. Required skills: sql, power bi, tableau, excel, communication. Strong problem solving and adaptability expected. <p>Work with cross-functional teams to deliver impact.</p>","sql, power bi, tableau, excel, communication",Full-time,IT Services,Bachelors,2025-07-08
101,ML Engineer,Vertex Labs,Pune,Maharashtra,India,False,2685060,15,Senior,"We are hiring a ML Engineer. Required skills: aws, docker, mlops, python, pytorch, tensorflow. Strong communication and teamwork expected. <p>Work with cross-functional teams to deliver impact.</p>","aws, docker, mlops, python, pytorch, tensorflow",Full-time,Healthcare,Masters,2025-08-19
102,Frontend Developer,NimbusTech,Pune,Maharashtra,India,False,575156,2,Entry,"We are hiring a Frontend Developer. Required skills: typescript, html, css. Strong problem solving and teamwork expected. <p>Work with cross-functional teams to deliver impact.</p>","typescript, html, css",Full-time,Fintech,Masters,2025-03-02
103,Frontend Developer,PixelForge,Bangalore,Karnataka,India,False,2434314,7,Senior,"We are hiring a Frontend Developer. Required skills: typescript, html, react. Strong leadership and adaptability expected. <p>Work with cross-functional teams to deliver impact.</p>","typescript, html, react",Contract,EdTech,Bachelors,2025-02-02
104,Software Engineer,PixelForge,Hyderabad,Telangana,India,False,1145300,6,Mid,"We are hiring a Software Engineer. Required skills: react, docker, node.js. Strong adaptability and communication expected. <p>Work with cross-functional teams to deliver impact.</p>","react, docker, node.js",Full-time,EdTech,Masters,2025-03-19
105,ML Engineer,NimbusTech,Hyderabad,Telangana,India,False,2417782,10,Senior,"We are hiring a ML Engineer. Required skills: tensorflow, scikit-learn, pytorch, mlops. Strong problem solving and communication expected. <p>Work with cross-functional teams to deliver impact.</p>","tensorflow, scikit-learn, pytorch, mlops",Internship,SaaS,Masters,2025-06-01
106,DevOps Engineer,Vertex Labs,Mumbai,Maharashtra,India,False,707511,0,Entry,"We are hiring a DevOps Engineer. Required skills: kubernetes, github actions, aws, jenkins. Strong adaptability and leadership expected. <p>Work with cross-functional teams to deliver impact.</p>","kubernetes, github actions, aws, jenkins",Internship,SaaS,Bachelors,2025-05-08
107,Backend Developer,PixelForge,Hyderabad,Telangana,India,False,1510959,2,Mid,"We are hiring a Backend Developer. Required skills: docker, flask, fastapi, python, django. Strong leadership and adaptability expected. <p>Work with cross-functional teams to deliver impact.</p>","docker, flask, fastapi, python, django",Full-time,E-commerce,Masters,2025-03-22
108,Software Engineer,NimbusTech,Delhi,Delhi,India,False,709961,1,Entry,"We are hiring a Software Engineer. Required skills: react, java, javascript, python, git. Strong communication and adaptability expected. <p>Work with cross-functional teams to deliver impact.</p>","react, java, javascript, python, git",Contract,Healthcare,MTech,2025-03-05
109,ML Engineer,Acme Corp,Pune,Maharashtra,India,False,1571530,5,Mid,"We are hiring a ML Engineer. Required skills: aws, scikit-learn, tensorflow, pytorch, python. Strong communication and leadership expected. <p>Work with cross-functional teams to deliver impact.</p>","aws, scikit-learn, tensorflow, pytorch, python",Internship,Healthcare,Masters,2025-02-25
110,DevOps Engineer,BrightSoft,Delhi,Delhi,India,False,1190440,2,Mid,"We are hiring a DevOps Engineer. Required skills: docker, linux, aws, kubernetes, jenkins. Strong problem solving and leadership expected. <p>Work with cross-functional teams to deliver impact.</p>","docker, linux, aws, kubernetes, jenkins",Contract,IT Services,MTech,2025-01-14
111,DevOps Engineer,NimbusTech,Pune,Maharashtra,India,False,1154582,5,Mid,"We are hiring a DevOps Engineer. Required skills: aws, github actions, linux, docker. Strong communication and leadership expected. <p>Work with cross-functional teams to deliver impact.</p>","aws, github actions, linux, docker",Contract,E-commerce,BTech,2025-07-13
112,ML Engineer,NextGen AI,Chennai,Tamil Nadu,India,False,926756,0,Entry,"We are hiring a ML Engineer. Required skills: aws, mlops, docker, python. Strong leadership and teamwork expected. <p>Work with cross-functional teams to deliver impact.</p>","aws, mlops, docker, python",Internship,EdTech,Masters,2025-03-25
113,DevOps Engineer,Quantify Inc,Mumbai,Maharashtra,India,False,2464353,13,Senior,"We are hiring a DevOps Engineer. Required skills: kubernetes, jenkins, aws, github actions, linux. Strong communication and problem solving expected. <p>Work with cross-functional teams to deliver impact.</p>","kubernetes, jenkins, aws, github actions, linux",Contract,SaaS,Bachelors,2025-04-17
114,DevOps Engineer,StackWave,Hyderabad,Telangana,India,False,2699697,13,Senior,"We are hiring a DevOps Engineer. Required skills: linux, docker, jenkins, kubernetes, github actions. Strong leadership and teamwork expected. <p>Work with cross-functional teams to deliver impact.</p>","linux, docker, jenkins, kubernetes, github actions",Internship,Fintech,Bachelors,2025-05-27
115,Data Scientist,Acme Corp,Remote,Remote,India,True,924514,1,Entry,"We are hiring a Data Scientist. Required skills: python, scikit-learn, numpy, machine learning. Strong teamwork and adaptability expected. <p>Work with cross-functional teams to deliver impact.</p>","python, scikit-learn, numpy, machine learning",Internship,E-commerce,MTech,2025-05-15
116,BI Analyst,Vertex Labs,Delhi,Delhi,India,False,2331603,15,Senior,"We are hiring a BI Analyst. Required skills: power bi, excel, tableau, communication. Strong problem solving and adaptability expected. <p>Work with cross-functional teams to deliver impact.</p>","power bi, excel, tableau, communication",Full-time,E-commerce,BTech,2025-06-30
117,Data Engineer,NimbusTech,Delhi,Delhi,India,False,2531899,12,Senior,"We are hiring a Data Engineer. Required skills: spark, airflow, etl, aws, sql, python. Strong problem solving and communication expected. <p>Work with cross-functional teams to deliver impact.</p>","spark, airflow, etl, aws, sql, python",Contract,SaaS,Bachelors,2025-03-30
118,Frontend Developer,Vertex Labs,Bangalore,Karnataka,India,False,2400905,8,Senior,"We are hiring a Frontend Developer. Required skills: typescript, css, javascript, html, react. Strong communication and teamwork expected. <p>Work with cross-functional teams to deliver impact.</p>","typescript, css, javascript, html, react",Internship,Fintech,Bachelors,2025-01-26
119,BI Analyst,Quantify Inc,Mumbai,Maharashtra,India,False,928807,2,Entry,"We are hiring a BI Analyst. Required skills: excel, sql, tableau, communication. Strong teamwork and problem solving expected. <p>Work with cross-functional teams to deliver impact.</p>","excel, sql, tableau, communication",Contract,E-commerce,Bachelors,2025-08-21
120,Data Scientist,BrightSoft,Bangalore,Karnataka,India,False,1099717,3,Mid,"We are hiring a Data Scientist. Required skills: pandas, statistics, python, sql, scikit-learn, machine learning, numpy. Strong adaptability and communication expected. <p>Work with cross-functional teams to deliver impact.</p>","pandas, statistics, python, sql, scikit-learn, machine learning, numpy",Contract,E-commerce,MTech,2025-06-14
121,Backend Developer,Acme Corp,Mumbai,Maharashtra,India,False,1265243,5,Mid,"We are hiring a Backend Developer. Required skills: django, sql, fastapi, docker, python, flask. Strong problem solving and adaptability expected. <p>Work with cross-functional teams to deliver impact.</p>","django, sql, fastapi, docker, python, flask",Internship,SaaS,Masters,2025-02-14
122,DevOps Engineer,BrightSoft,Hyderabad,Telangana,India,False,477161,0,Entry,"We are hiring a DevOps Engineer. Required skills: jenkins, github actions, aws, docker, kubernetes, linux. Strong leadership and teamwork expected. <p>Work with cross-functional teams to deliver impact.</p>","jenkins, github actions, aws, docker, kubernetes, linux",Contract,E-commerce,BTech,2025-03-19
123,DevOps Engineer,PixelForge,Pune,Maharashtra,India,False,577475,2,Entry,"We are hiring a DevOps Engineer. Required skills: aws, linux, kubernetes. Strong adaptability and problem solving expected. <p>Work with cross-functional teams to deliver impact.</p>","aws, linux, kubernetes",Internship,IT Services,BTech,2025-04-05
124,DevOps Engineer,NextGen AI,Delhi,Delhi,India,False,1523699,6,Mid,"We are hiring a DevOps Engineer. Required skills: kubernetes, linux, jenkins, docker. Strong teamwork and adaptability expected. <p>Work with cross-functional teams to deliver impact.</p>","kubernetes, linux, jenkins, docker",Internship,EdTech,Bachelors,2025-05-15
125,Frontend Developer,NimbusTech,Remote,Remote,India,True,2307131,15,Senior,"We are hiring a Frontend Developer. Required skills: typescript, javascript, html, css, react. Strong problem solving and leadership expected. <p>Work with cross-functional teams to deliver impact.</p>","typescript, javascript, html, css, react",Full-time,SaaS,Masters,2025-07-03
126,DevOps Engineer,BrightSoft,Bangalore,Karnataka,India,False,2654838,15,Senior,"We are hiring a DevOps Engineer. Required skills: docker, github actions, jenkins, linux, kubernetes, aws. Strong communication and leadership expected. <p>Work with cross-functional teams to deliver impact.</p>","docker, github actions, jenkins, linux, kubernetes, aws",Contract,IT Services,Masters,2025-05-29
127,Data Scientist,PixelForge,Bangalore,Karnataka,India,False,2411036,13,Senior,"We are hiring a Data Scientist. Required skills: scikit-learn, numpy, python. Strong teamwork and adaptability expected. <p>Work with cross-functional teams to deliver impact.</p>","scikit-learn, numpy, python",Internship,SaaS,MTech,2025-04-06
128,BI Analyst,NextGen AI,Remote,Remote,India,True,2542151,8,Senior,"We are hiring a BI Analyst. Required skills: excel, communication, sql, tableau. Strong teamwork and adaptability expected. <p>Work with cross-functional teams to deliver impact.</p>","excel, communication, sql, tableau",Full-time,IT Services,BTech,2025-04-29
129,Backend Developer,StackWave,Bangalore,Karnataka,India,False,909605,1,Entry,"We are hiring a Backend Developer. Required skills: sql, fastapi, django, python, docker, flask. Strong communication and teamwork expected. <p>Work with cross-functional teams to deliver impact.</p>","sql, fastapi, django, python, docker, flask",Full-time,IT Services,Bachelors,2025-06-02
130,Data Analyst,NimbusTech,Hyderabad,Telangana,India,False,1129185,3,Mid,"We are hiring a Data Analyst. Required skills: tableau, pandas, python, sql, excel, statistics. Strong adaptability and problem solving expected. <p>Work with cross-functional teams to deliver impact.</p>","tableau, pandas, python, sql, excel, statistics",Full-time,SaaS,BTech,2025-05-28
131,DevOps Engineer,PixelForge,Remote,Remote,India,True,1233640,4,Mid,"We are hiring a DevOps Engineer. Required skills: kubernetes, aws, linux, github actions, docker. Strong adaptability and leadership expected. <p>Work with cross-functional teams to deliver impact.</p>","kubernetes, aws, linux, github actions, docker",Full-time,E-commerce,MTech,2025-07-21
132,Backend Developer,BrightSoft,Hyderabad,Telangana,India,False,1286290,6,Mid,"We are hiring a Backend Developer. Required skills: docker, fastapi, sql, python, django. Strong teamwork and leadership expected. <p>Work with cross-functional teams to deliver impact.</p>","docker, fastapi, sql, python, django",Full-time,EdTech,MTech,2025-04-17
133,Backend Developer,DataWorks,Chennai,Tamil Nadu,India,False,1419102,2,Mid,"We are hiring a Backend Developer. Required skills: fastapi, django, flask, python. Strong adaptability and teamwork expected. <p>Work with cross-functional teams to deliver impact.</p>","fastapi, django, flask, python",Full-time,E-commerce,MTech,2025-06-22
134,DevOps Engineer,Vertex Labs,Bangalore,Karnataka,India,False,1232096,4,Mid,"We are hiring a DevOps Engineer. Required skills: docker, kubernetes, github actions. Strong communication and leadership expected. <p>Work with cross-functional teams to deliver impact.</p>","docker, kubernetes, github actions",Full-time,SaaS,Masters,2025-04-12
135,Data Engineer,Quantify Inc,Delhi,Delhi,India,False,1193398,6,Mid,"We are hiring a Data Engineer. Required skills: spark, etl, airflow, aws, docker, sql, python. Strong problem solving and teamwork expected. <p>Work with cross-functional teams to deliver impact.</p>","spark, etl, airflow, aws, docker, sql, python",Contract,E-commerce,MTech,2025-01-12
136,DevOps Engineer,Vertex Labs,Pune,Maharashtra,India,False,2289814,12,Senior,"We are hiring a DevOps Engineer. Required skills: linux, kubernetes, docker, github actions. Strong problem solving and teamwork expected. <p>Work with cross-functional teams to deliver impact.</p>","linux, kubernetes, docker, github actions",Contract,EdTech,Masters,2025-05-08
137,Backend Developer,NimbusTech,Mumbai,Maharashtra,India,False,2662036,8,Senior,"We are hiring a Backend Developer. Required skills: flask, fastapi, sql, django, python. Strong adaptability and communication expected. <p>Work with cross-functional teams to deliver impact.</p>","flask, fastapi, sql, django, python",Internship,IT Services,Bachelors,2025-07-29
138,Data Analyst,Quantify Inc,Hyderabad,Telangana,India,False,940299,2,Entry,"We are hiring a Data Analyst. Required skills: power bi, sql, pandas. Strong problem solving and communication expected. <p>Work with cross-functional teams to deliver impact.</p>","power bi, sql, pandas",Internship,SaaS,MTech,2025-06-18
139,Frontend Developer,NextGen AI,Pune,Maharashtra,India,False,427975,2,Entry,"We are hiring a Frontend Developer. Required skills: javascript, css, html. Strong leadership and teamwork expected. <p>Work with cross-functional teams to deliver impact.</p>","javascript, css, html",Full-time,IT Services,Masters,2025-03-03
140,Data Engineer,BrightSoft,Mumbai,Maharashtra,India,False,1326828,6,Mid,"We are hiring a Data Engineer. Required skills: aws, spark, docker, etl, sql, python, airflow. Strong communication and adaptability expected. <p>Work with cross-functional teams to deliver impact.</p>","aws, spark, docker, etl, sql, python, airflow",Full-time,Healthcare,MTech,2025-04-07
141,Backend Developer,Vertex Labs,Remote,Remote,India,True,2214618,7,Senior,"We are hiring a Backend Developer. Required skills: python, docker, django, sql, fastapi, flask. Strong teamwork and leadership expected. <p>Work with cross-functional teams to deliver impact.</p>","python, docker, django, sql, fastapi, flask",Contract,IT Services,Bachelors,2025-06-25
142,AI Engineer,NimbusTech,Bangalore,Karnataka,India,False,723814,2,Entry,"We are hiring a AI Engineer. Required skills: pytorch, nlp, python. Strong adaptability and teamwork expected. <p>Work with cross-functional teams to deliver impact.</p>","pytorch, nlp, python",Internship,Healthcare,BTech,2025-04-09
143,ML Engineer,Cloudify,Chennai,Tamil Nadu,India,False,489710,0,Entry,"We are hiring a ML Engineer. Required skills: aws, scikit-learn, tensorflow. Strong adaptability and leadership expected. <p>Work with cross-functional teams to deliver impact.</p>","aws, scikit-learn, tensorflow",Contract,IT Services,BTech,2025-07-20
144,Frontend Developer,Vertex Labs,Bangalore,Karnataka,India,False,1339727,6,Mid,"We are hiring a Frontend Developer. Required skills: react, typescript, css, html. Strong communication and adaptability expected. <p>Work with cross-functional teams to deliver impact.</p>","react, typescript, css, html",Contract,Fintech,MTech,2025-07-02
145,ML Engineer,NimbusTech,Hyderabad,Telangana,India,False,1161537,4,Mid,"We are hiring a ML Engineer. Required skills: tensorflow, mlops, python, aws, docker, pytorch. Strong leadership and adaptability expected. <p>Work with cross-functional teams to deliver impact.</p>","tensorflow, mlops, python, aws, docker, pytorch",Internship,EdTech,MTech,2025-01-27
146,Data Analyst,PixelForge,Bangalore,Karnataka,India,False,2416024,12,Senior,"We are hiring a Data Analyst. Required skills: excel, tableau, python. Strong leadership and communication expected. <p>Work with cross-functional teams to deliver impact.</p>","excel, tableau, python",Internship,EdTech,Masters,2025-05-27
147,Backend Developer,NimbusTech,Hyderabad,Telangana,India,False,1096340,4,Mid,"We are hiring a Backend Developer. Required skills: docker, fastapi, django, python. Strong leadership and problem solving expected. <p>Work with cross-functional teams to deliver impact.</p>","docker, fastapi, django, python",Contract,E-commerce,MTech,2025-07-20
148,Data Scientist,StackWave,Delhi,Delhi,India,False,798354,0,Entry,"We are hiring a Data Scientist. Required skills: numpy, pandas, scikit-learn, machine learning, statistics. Strong leadership and problem solving expected. <p>Work with cross-functional teams to deliver impact.</p>","numpy, pandas, scikit-learn, machine learning, statistics",Contract,E-commerce,MTech,2025-07-28
149,DevOps Engineer,StackWave,Pune,Maharashtra,India,False,1544858,5,Mid,"We are hiring a DevOps Engineer. Required skills: aws, linux, kubernetes, jenkins. Strong teamwork and problem solving expected. <p>Work with cross-functional teams to deliver impact.</p>","aws, linux, kubernetes, jenkins",Contract,E-commerce,MTech,2025-04-04
150,Data Scientist,PixelForge,Chennai,Tamil Nadu,India,False,2262518,10,Senior,"We are hiring a Data Scientist. Required skills: pandas, statistics, machine learning, sql, numpy, python, scikit-learn. Strong leadership and teamwork expected. <p>Work with cross-functional teams to deliver impact.</p>","pandas, statistics, machine learning, sql, numpy, python, scikit-learn",Internship,E-commerce,Masters,2025-03-06
151,ML Engineer,NextGen AI,Chennai,Tamil Nadu,India,False,2608620,14,Senior,"We are hiring a ML Engineer. Required skills: mlops, docker, python, scikit-learn, tensorflow, pytorch. Strong communication and problem solving expected. <p>Work with cross-functional teams to deliver impact.</p>","mlops, docker, python, scikit-learn, tensorflow, pytorch",Internship,EdTech,Bachelors,2025-01-28
152,Data Engineer,DataWorks,Chennai,Tamil Nadu,India,False,2601365,11,Senior,"We are hiring a Data Engineer. Required skills: sql, docker, aws, python, spark. Strong communication and adaptability expected. <p>Work with cross-functional teams to deliver impact.</p>","sql, docker, aws, python, spark",Contract,Fintech,Masters,2025-04-25
153,Software Engineer,NimbusTech,Bangalore,Karnataka,India,False,1191707,4,Mid,"We are hiring a Software Engineer. Required skills: react, git, node.js, java, docker, python. Strong problem solving and adaptability expected. <p>Work with cross-functional teams to deliver impact.</p>","react, git, node.js, java, docker, python",Contract,Healthcare,Masters,2025-05-14
154,Frontend Developer,Acme Corp,Chennai,Tamil Nadu,India,False,1150675,4,Mid,"We are hiring a Frontend Developer. Required skills: css, javascript, react, typescript. Strong problem solving and communication expected. <p>Work with cross-functional teams to deliver impact.</p>","css, javascript, react, typescript",Internship,Fintech,Masters,2025-05-13
155,ML Engineer,StackWave,Delhi,Delhi,India,False,2220610,12,Senior,"We are hiring a ML Engineer. Required skills: pytorch, tensorflow, aws, docker, mlops, python, scikit-learn. Strong teamwork and leadership expected. <p>Work with cross-functional teams to deliver impact.</p>","pytorch, tensorflow, aws, docker, mlops, python, scikit-learn",Internship,Healthcare,MTech,2025-01-02
156,Data Engineer,DataWorks,Hyderabad,Telangana,India,False,2609776,11,Senior,"We are hiring a Data Engineer. Required skills: spark, docker, python, aws. Strong problem solving and leadership expected. <p>Work with cross-functional teams to deliver impact.</p>","spark, docker, python, aws",Internship,SaaS,BTech,2025-06-02
157,BI Analyst,NimbusTech,Remote,Remote,India,True,2238868,15,Senior,"We are hiring a BI Analyst. Required skills: excel, sql, power bi, tableau, communication. Strong problem solving and communication expected. <p>Work with cross-functional teams to deliver impact.</p>","excel, sql, power bi, tableau, communication",Full-time,E-commerce,Bachelors,2025-02-16
158,Software Engineer,NextGen AI,Delhi,Delhi,India,False,2311649,8,Senior,"We are hiring a Software Engineer. Required skills: node.js, react, git, java. Strong teamwork and leadership expected. <p>Work with cross-functional teams to deliver impact.</p>","node.js, react, git, java",Contract,Fintech,Masters,2025-03-22
159,Frontend Developer,PixelForge,Mumbai,Maharashtra,India,False,969013,1,Entry,"We are hiring a Frontend Developer. Required skills: javascript, typescript, html, react, css. Strong leadership and adaptability expected. <p>Work with cross-functional teams to deliver impact.</p>","javascript, typescript, html, react, css",Internship,Healthcare,MTech,2025-02-12
160,Data Scientist,DataWorks,Remote,Remote,India,True,1025618,1,Entry,"We are hiring a Data Scientist. Required skills: python, pandas, numpy, sql, machine learning, scikit-learn, statistics. Strong adaptability and communication expected. <p>Work with cross-functional teams to deliver impact.</p>","python, pandas, numpy, sql, machine learning, scikit-learn, statistics",Contract,EdTech,BTech,2025-05-19
161,Data Analyst,Quantify Inc,Pune,Maharashtra,India,False,1161208,5,Mid,"We are hiring a Data Analyst. Required skills: tableau, sql, power bi, python, excel, statistics. Strong communication and teamwork expected. <p>Work with cross-functional teams to deliver impact.</p>","tableau, sql, power bi, python, excel, statistics",Full-time,SaaS,BTech,2025-08-09
162,DevOps Engineer,Cloudify,Remote,Remote,India,True,2346556,10,Senior,"We are hiring a DevOps Engineer. Required skills: kubernetes, github actions, linux, docker, aws, jenkins. Strong problem solving and adaptability expected. <p>Work with cross-functional teams to deliver impact.</p>","kubernetes, github actions, linux, docker, aws, jenkins",Internship,E-commerce,Bachelors,2025-02-04
163,BI Analyst,PixelForge,Chennai,Tamil Nadu,India,False,669579,0,Entry,"We are hiring a BI Analyst. Required skills: tableau, power bi, communication. Strong leadership and teamwork expected. <p>Work with cross-functional teams to deliver impact.</p>","tableau, power bi, communication",Internship,SaaS,BTech,2025-06-10
164,BI Analyst,Cloudify,Delhi,Delhi,India,False,1541751,4,Mid,"We are hiring a BI Analyst. Required skills: excel, sql, tableau, communication. Strong adaptability and communication expected. <p>Work with cross-functional teams to deliver impact.</p>","excel, sql, tableau, communication",Internship,IT Services,MTech,2025-06-12
165,Software Engineer,BrightSoft,Pune,Maharashtra,India,False,748548,1,Entry,"We are hiring a Software Engineer. Required skills: docker, node.js, react. Strong problem solving and teamwork expected. <p>Work with cross-functional teams to deliver impact.</p>","docker, node.js, react",Internship,Healthcare,BTech,2025-08-17
166,Data Analyst,PixelForge,Delhi,Delhi,India,False,410708,0,Entry,"We are hiring a Data Analyst. Required skills: python, pandas, power bi. Strong teamwork and adaptability expected. <p>Work with cross-functional teams to deliver impact.</p>","python, pandas, power bi",Internship,E-commerce,Masters,2025-08-12
167,AI Engineer,Vertex Labs,Delhi,Delhi,India,False,730349,1,Entry,"We are hiring a AI Engineer. Required skills: aws, nlp, deep learning. Strong leadership and communication expected. <p>Work with cross-functional teams to deliver impact.</p>","aws, nlp, deep learning",Internship,IT Services,Bachelors,2025-02-24
168,Frontend Developer,DataWorks,Mumbai,Maharashtra,India,False,2470263,6,Senior,"We are hiring a Frontend Developer. Required skills: react, html, typescript. Strong leadership and teamwork expected. <p>Work with cross-functional teams to deliver impact.</p>","react, html, typescript",Contract,IT Services,Masters,2025-04-09
169,Data Scientist,DataWorks,Mumbai,Maharashtra,India,False,1159792,5,Mid,"We are hiring a Data Scientist. Required skills: python, numpy, machine learning. Strong adaptability and communication expected. <p>Work with cross-functional teams to deliver impact.</p>","python, numpy, machine learning",Internship,SaaS,Masters,2025-04-23
170,Software Engineer,NimbusTech,Bangalore,Karnataka,India,False,2235345,9,Senior,"We are hiring a Software Engineer. Required skills: git, docker, java, react. Strong communication and leadership expected. <p>Work with cross-functional teams to deliver impact.</p>","git, docker, java, react",Contract,Healthcare,BTech,2025-07-22
171,ML Engineer,BrightSoft,Pune,Maharashtra,India,False,2158127,15,Senior,"We are hiring a ML Engineer. Required skills: tensorflow, scikit-learn, python, pytorch. Strong teamwork and adaptability expected. <p>Work with cross-functional teams to deliver impact.</p>","tensorflow, scikit-learn, python, pytorch",Internship,Healthcare,BTech,2025-06-15
172,Data Analyst,Cloudify,Remote,Remote,India,True,1042653,6,Mid,"We are hiring a Data Analyst. Required skills: power bi, statistics, python, sql. Strong problem solving and teamwork expected. <p>Work with cross-functional teams to deliver impact.</p>","power bi, statistics, python, sql",Contract,EdTech,MTech,2025-04-04
173,Backend Developer,PixelForge,Bangalore,Karnataka,India,False,493406,0,Entry,"We are hiring a Backend Developer. Required skills: fastapi, python, sql, flask. Strong adaptability and problem solving expected. <p>Work with cross-functional teams to deliver impact.</p>","fastapi, python, sql, flask",Internship,SaaS,MTech,2025-04-19
174,BI Analyst,NextGen AI,Hyderabad,Telangana,India,False,572924,1,Entry,"We are hiring a BI Analyst. Required skills: communication, power bi, excel. Strong problem solving and leadership expected. <p>Work with cross-functional teams to deliver impact.</p>","communication, power bi, excel",Internship,SaaS,Bachelors,2025-03-21
175,BI Analyst,NimbusTech,Bangalore,Karnataka,India,False,774314,1,Entry,"We are hiring a BI Analyst. Required skills: power bi, sql, excel, tableau, communication. Strong communication and adaptability expected. <p>Work with cross-functional teams to deliver impact.</p>","power bi, sql, excel, tableau, communication",Internship,Fintech,Bachelors,2025-02-11
176,Frontend Developer,Cloudify,Chennai,Tamil Nadu,India,False,460782,2,Entry,"We are hiring a Frontend Developer. Required skills: html, typescript, javascript, react. Strong leadership and problem solving expected. <p>Work with cross-functional teams to deliver impact.</p>","html, typescript, javascript, react",Internship,IT Services,BTech,2025-07-02
177,DevOps Engineer,BrightSoft,Pune,Maharashtra,India,False,574951,1,Entry,"We are hiring a DevOps Engineer. Required skills: jenkins, linux, aws. Strong communication and adaptability expected. <p>Work with cross-functional teams to deliver impact.</p>","jenkins, linux, aws",Full-time,SaaS,Bachelors,2025-01-12
178,Data Analyst,Vertex Labs,Chennai,Tamil Nadu,India,False,869740,0,Entry,"We are hiring a Data Analyst. Required skills: python, power bi, excel, pandas. Strong problem solving and teamwork expected. <p>Work with cross-functional teams to deliver impact.</p>","python, power bi, excel, pandas",Contract,SaaS,BTech,2025-03-11
179,Data Scientist,Cloudify,Chennai,Tamil Nadu,India,False,1415790,5,Mid,"We are hiring a Data Scientist. Required skills: numpy, python, statistics, machine learning, scikit-learn, sql, pandas. Strong communication and leadership expected. <p>Work with cross-functional teams to deliver impact.</p>","numpy, python, statistics, machine learning, scikit-learn, sql, pandas",Full-time,E-commerce,Masters,2025-03-16
180,DevOps Engineer,NimbusTech,Chennai,Tamil Nadu,India,False,2407034,14,Senior,"We are hiring a DevOps Engineer. Required skills: linux, github actions, kubernetes, jenkins, aws. Strong communication and leadership expected. <p>Work with cross-functional teams to deliver impact.</p>","linux, github actions, kubernetes, jenkins, aws",Full-time,Fintech,BTech,2025-06-12
181,Data Analyst,NimbusTech,Delhi,Delhi,India,False,512804,2,Entry,"We are hiring a Data Analyst. Required skills: python, pandas, power bi, excel, statistics. Strong problem solving and communication expected. <p>Work with cross-functional teams to deliver impact.</p>","python, pandas, power bi, excel, statistics",Full-time,Fintech,MTech,2025-06-29
182,Software Engineer,PixelForge,Remote,Remote,India,True,2235308,15,Senior,"We are hiring a Software Engineer. Required skills: git, python, node.js, docker, javascript, react. Strong teamwork and adaptability expected. <p>Work with cross-functional teams to deliver impact.</p>","git, python, node.js, docker, javascript, react",Contract,E-commerce,BTech,2025-08-26
183,BI Analyst,DataWorks,Bangalore,Karnataka,India,False,612959,0,Entry,"We are hiring a BI Analyst. Required skills: tableau, communication, power bi, excel, sql. Strong teamwork and leadership expected. <p>Work with cross-functional teams to deliver impact.</p>","tableau, communication, power bi, excel, sql",Contract,E-commerce,MTech,2025-01-31
184,Backend Developer,Vertex Labs,Chennai,Tamil Nadu,India,False,492288,0,Entry,"We are hiring a Backend Developer. Required skills: django, fastapi, flask, docker, sql. Strong problem solving and teamwork expected. <p>Work with cross-functional teams to deliver impact.</p>","django, fastapi, flask, docker, sql",Full-time,SaaS,Masters,2025-04-02
185,BI Analyst,Quantify Inc,Hyderabad,Telangana,India,False,1149326,6,Mid,"We are hiring a BI Analyst. Required skills: sql, tableau, power bi, communication, excel. Strong communication and teamwork expected. <p>Work with cross-functional teams to deliver impact.</p>","sql, tableau, power bi, communication, excel",Full-time,IT Services,Bachelors,2025-08-01
186,Data Engineer,Vertex Labs,Bangalore,Karnataka,India,False,2197603,7,Senior,"We are hiring a Data Engineer. Required skills: sql, airflow, spark, python. Strong leadership and teamwork expected. <p>Work with cross-functional teams to deliver impact.</p>","sql, airflow, spark, python",Full-time,E-commerce,Bachelors,2025-01-11
187,Frontend Developer,NimbusTech,Mumbai,Maharashtra,India,False,1457389,2,Mid,"We are hiring a Frontend Developer. Required skills: react, css, typescript. Strong problem solving and teamwork expected. <p>Work with cross-functional teams to deliver impact.</p>","react, css, typescript",Full-time,E-commerce,BTech,2025-04-25
188,ML Engineer,Acme Corp,Delhi,Delhi,India,False,912300,2,Entry,"We are hiring a ML Engineer. Required skills: aws, mlops, scikit-learn. Strong communication and problem solving expected. <p>Work with cross-functional teams to deliver impact.</p>","aws, mlops, scikit-learn",Contract,Fintech,MTech,2025-02-21
189,Backend Developer,Cloudify,Chennai,Tamil Nadu,India,False,2638223,14,Senior,"We are hiring a Backend Developer. Required skills: docker, sql, python, django. Strong adaptability and problem solving expected. <p>Work with cross-functional teams to deliver impact.</p>","docker, sql, python, django",Contract,E-commerce,Masters,2025-01-07
190,Software Engineer,Vertex Labs,Pune,Maharashtra,India,False,548624,0,Entry,"We are hiring a Software Engineer. Required skills: java, python, javascript, git, docker, node.js, react. Strong adaptability and leadership expected. <p>Work with cross-functional teams to deliver impact.</p>","java, python, javascript, git, docker, node.js, react",Contract,Fintech,Masters,2025-03-02
191,DevOps Engineer,NextGen AI,Hyderabad,Telangana,India,False,2666137,15,Senior,"We are hiring a DevOps Engineer. Required skills: linux, aws, docker, github actions, kubernetes. Strong problem solving and teamwork expected. <p>Work with cross-functional teams to deliver impact.</p>","linux, aws, docker, github actions, kubernetes",Contract,IT Services,Bachelors,2025-01-15
192,Data Engineer,NimbusTech,Bangalore,Karnataka,India,False,512977,1,Entry,"We are hiring a Data Engineer. Required skills: sql, python, aws, airflow, docker, etl, spark. Strong adaptability and teamwork expected. <p>Work with cross-functional teams to deliver impact.</p>","sql, python, aws, airflow, docker, etl, spark",Full-time,EdTech,BTech,2025-01-19
193,Software Engineer,NimbusTech,Mumbai,Maharashtra,India,False,802695,2,Entry,"We are hiring a Software Engineer. Required skills: node.js, python, javascript, docker, java, git. Strong adaptability and problem solving expected. <p>Work with cross-functional teams to deliver impact.</p>","node.js, python, javascript, docker, java, git",Full-time,SaaS,Masters,2025-04-07
194,AI Engineer,StackWave,Pune,Maharashtra,India,False,2381625,15,Senior,"We are hiring a AI Engineer. Required skills: pytorch, aws, python, nlp, deep learning. Strong communication and leadership expected. <p>Work with cross-functional teams to deliver impact.</p>","pytorch, aws, python, nlp, deep learning",Full-time,E-commerce,Bachelors,2025-03-02
195,Software Engineer,Cloudify,Mumbai,Maharashtra,India,False,521087,1,Entry,"We are hiring a Software Engineer. Required skills: java, git, python, javascript, docker. Strong problem solving and communication expected. <p>Work with cross-functional teams to deliver impact.</p>","java, git, python, javascript, docker",Internship,IT Services,Bachelors,2025-04-09
196,Frontend Developer,StackWave,Chennai,Tamil Nadu,India,False,1552780,5,Mid,"We are hiring a Frontend Developer. Required skills: css, react, html, typescript, javascript. Strong teamwork and adaptability expected. <p>Work with cross-functional teams to deliver impact.</p>","css, react, html, typescript, javascript",Contract,IT Services,Bachelors,2025-03-17
197,Data Analyst,StackWave,Bangalore,Karnataka,India,False,1404366,2,Mid,"We are hiring a Data Analyst. Required skills: excel, python, pandas, statistics, tableau. Strong adaptability and leadership expected. <p>Work with cross-functional teams to deliver impact.</p>","excel, python, pandas, statistics, tableau",Internship,IT Services,MTech,2025-06-17
198,ML Engineer,BrightSoft,Pune,Maharashtra,India,False,1385198,6,Mid,"We are hiring a ML Engineer. Required skills: docker, pytorch, python, aws, scikit-learn, mlops, tensorflow. Strong teamwork and communication expected. <p>Work with cross-functional teams to deliver impact.</p>","docker, pytorch, python, aws, scikit-learn, mlops, tensorflow",Full-time,Healthcare,MTech,2025-02-09
199,Data Analyst,Vertex Labs,Bangalore,Karnataka,India,False,2176985,9,Senior,"We are hiring a Data Analyst. Required skills: python, power bi, statistics, excel, pandas. Strong teamwork and problem solving expected. <p>Work with cross-functional teams to deliver impact.</p>","python, power bi, statistics, excel, pandas",Full-time,Healthcare,Bachelors,2025-03-20
200,BI Analyst,Acme Corp,Hyderabad,Telangana,India,False,897429,1,Entry,"We are hiring a BI Analyst. Required skills: excel, tableau, sql, power bi. Strong problem solving and leadership expected. <p>Work with cross-functional teams to deliver impact.</p>","excel, tableau, sql, power bi",Contract,E-commerce,Masters,2025-08-03
201,AI Engineer,NextGen AI,Chennai,Tamil Nadu,India,False,2348564,12,Senior,"We are hiring a AI Engineer. Required skills: pytorch, python, deep learning. Strong communication and leadership expected. <p>Work with cross-functional teams to deliver impact.</p>","pytorch, python, deep learning",Internship,Healthcare,MTech,2025-05-27
202,Data Engineer,NimbusTech,Hyderabad,Telangana,India,False,672087,1,Entry,"We are hiring a Data Engineer. Required skills: spark, python, airflow, docker, etl, aws. Strong communication and leadership expected. <p>Work with cross-functional teams to deliver impact.</p>","spark, python, airflow, docker, etl, aws",Full-time,SaaS,MTech,2025-02-21
203,ML Engineer,PixelForge,Chennai,Tamil Nadu,India,False,1637945,5,Mid,"We are hiring a ML Engineer. Required skills: tensorflow, mlops, python, aws, pytorch, scikit-learn, docker. Strong communication and leadership expected. <p>Work with cross-functional teams to deliver impact.</p>","tensorflow, mlops, python, aws, pytorch, scikit-learn, docker",Full-time,Fintech,Bachelors,2025-08-25
204,Data Scientist,NimbusTech,Delhi,Delhi,India,False,2229285,15,Senior,"We are hiring a Data Scientist. Required skills: sql, python, numpy, statistics, pandas, scikit-learn, machine learning. Strong problem solving and leadership expected. <p>Work with cross-functional teams to deliver impact.</p>","sql, python, numpy, statistics, pandas, scikit-learn, machine learning",Full-time,EdTech,MTech,2025-01-10
205,BI Analyst,BrightSoft,Chennai,Tamil Nadu,India,False,1347776,2,Mid,"We are hiring a BI Analyst. Required skills: power bi, sql, tableau, communication. Strong problem solving and leadership expected. <p>Work with cross-functional teams to deliver impact.</p>","power bi, sql, tableau, communication",Internship,SaaS,Bachelors,2025-08-11
206,Data Engineer,Vertex Labs,Mumbai,Maharashtra,India,False,1123624,5,Mid,"We are hiring a Data Engineer. Required skills: spark, docker, airflow, etl. Strong leadership and teamwork expected. <p>Work with cross-functional teams to deliver impact.</p>","spark, docker, airflow, etl",Contract,SaaS,MTech,2025-07-14
207,Backend Developer,StackWave,Chennai,Tamil Nadu,India,False,2699753,8,Senior,"We are hiring a Backend Developer. Required skills: python, sql, django, docker, fastapi. Strong communication and teamwork expected. <p>Work with cross-functional teams to deliver impact.</p>","python, sql, django, docker, fastapi",Full-time,Fintech,Bachelors,2025-03-05
208,Data Analyst,Quantify Inc,Hyderabad,Telangana,India,False,2560559,6,Senior,"We are hiring a Data Analyst. Required skills: python, excel, sql, pandas, tableau, power bi. Strong adaptability and leadership expected. <p>Work with cross-functional teams to deliver impact.</p>","python, excel, sql, pandas, tableau, power bi",Full-time,Healthcare,BTech,2025-03-30
209,ML Engineer,Vertex Labs,Chennai,Tamil Nadu,India,False,1274729,3,Mid,"We are hiring a ML Engineer. Required skills: scikit-learn, mlops, python, tensorflow, aws. Strong teamwork and adaptability expected. <p>Work with cross-functional teams to deliver impact.</p>","scikit-learn, mlops, python, tensorflow, aws",Contract,SaaS,MTech,2025-05-12
210,Data Analyst,BrightSoft,Remote,Remote,India,True,2430297,10,Senior,"We are hiring a Data Analyst. Required skills: power bi, sql, pandas. Strong leadership and adaptability expected. <p>Work with cross-functional teams to deliver impact.</p>","power bi, sql, pandas",Contract,Healthcare,BTech,2025-02-25
211,Frontend Developer,BrightSoft,Mumbai,Maharashtra,India,False,726408,2,Entry,"We are hiring a Frontend Developer. Required skills: html, css, typescript, javascript. Strong communication and leadership expected. <p>Work with cross-functional teams to deliver impact.</p>","html, css, typescript, javascript",Full-time,E-commerce,BTech,2025-06-13
212,Software Engineer,NimbusTech,Delhi,Delhi,India,False,2485109,15,Senior,"We are hiring a Software Engineer. Required skills: javascript, git, docker, java, python. Strong communication and leadership expected. <p>Work with cross-functional teams to deliver impact.</p>","javascript, git, docker, java, python",Contract,E-commerce,MTech,2025-04-14
213,BI Analyst,NextGen AI,Chennai,Tamil Nadu,India,False,2328243,10,Senior,"We are hiring a BI Analyst. Required skills: sql, power bi, excel, communication, tableau. Strong teamwork and problem solving expected. <p>Work with cross-functional teams to deliver impact.</p>","sql, power bi, excel, communication, tableau",Full-time,Healthcare,Masters,2025-07-09
214,AI Engineer,Cloudify,Chennai,Tamil Nadu,India,False,1377411,4,Mid,"We are hiring a AI Engineer. Required skills: aws, nlp, python, computer vision. Strong problem solving and adaptability expected. <p>Work with cross-functional teams to deliver impact.</p>","aws, nlp, python, computer vision",Contract,IT Services,MTech,2025-01-14
215,DevOps Engineer,NimbusTech,Delhi,Delhi,India,False,2166688,10,Senior,"We are hiring a DevOps Engineer. Required skills: jenkins, kubernetes, docker. Strong teamwork and adaptability expected. <p>Work with cross-functional teams to deliver impact.</p>","jenkins, kubernetes, docker",Contract,Healthcare,MTech,2025-02-06
216,Software Engineer,BrightSoft,Bangalore,Karnataka,India,False,2604012,6,Senior,"We are hiring a Software Engineer. Required skills: docker, python, react, javascript. Strong teamwork and adaptability expected. <p>Work with cross-functional teams to deliver impact.</p>","docker, python, react, javascript",Internship,Fintech,MTech,2025-07-21
217,Data Scientist,Cloudify,Bangalore,Karnataka,India,False,1239100,5,Mid,"We are hiring a Data Scientist. Required skills: statistics, scikit-learn, machine learning, sql. Strong communication and problem solving expected. <p>Work with cross-functional teams to deliver impact.</p>","statistics, scikit-learn, machine learning, sql",Internship,Fintech,Bachelors,2025-06-23
218,Data Analyst,NimbusTech,Remote,Remote,India,True,750984,0,Entry,"We are hiring a Data Analyst. Required skills: sql, pandas, excel, tableau. Strong communication and adaptability expected. <p>Work with cross-functional teams to deliver impact.</p>","sql, pandas, excel, tableau",Contract,E-commerce,MTech,2025-07-06
219,Backend Developer,NimbusTech,Hyderabad,Telangana,India,False,685217,0,Entry,"We are hiring a Backend Developer. Required skills: fastapi, django, flask, sql, docker. Strong teamwork and communication expected. <p>Work with cross-functional teams to deliver impact.</p>","fastapi, django, flask, sql, docker",Internship,EdTech,Masters,2025-02-01
220,Software Engineer,Acme Corp,Bangalore,Karnataka,India,False,2223365,15,Senior,"We are hiring a Software Engineer. Required skills: react, git, javascript. Strong communication and adaptability expected. <p>Work with cross-functional teams to deliver impact.</p>","react, git, javascript",Contract,Healthcare,MTech,2025-02-01
221,Backend Developer,PixelForge,Pune,Maharashtra,India,False,1193826,2,Mid,"We are hiring a Backend Developer. Required skills: fastapi, django, sql, flask, python. Strong communication and adaptability expected. <p>Work with cross-functional teams to deliver impact.</p>","fastapi, django, sql, flask, python",Contract,IT Services,Bachelors,2025-05-08
222,Data Engineer,Cloudify,Hyderabad,Telangana,India,False,994012,0,Entry,"We are hiring a Data Engineer. Required skills: sql, spark, aws, etl, airflow, docker, python. Strong teamwork and communication expected. <p>Work with cross-functional teams to deliver impact.</p>","sql, spark, aws, etl, airflow, docker, python",Full-time,SaaS,Bachelors,2025-08-21
223,Data Scientist,Quantify Inc,Pune,Maharashtra,India,False,1366955,3,Mid,"We are hiring a Data Scientist. Required skills: machine learning, scikit-learn, pandas, python, numpy, sql, statistics. Strong communication and adaptability expected. <p>Work with cross-functional teams to deliver impact.</p>","machine learning, scikit-learn, pandas, python, numpy, sql, statistics",Full-time,IT Services,BTech,2025-04-03
224,Software Engineer,StackWave,Pune,Maharashtra,India,False,2628976,11,Senior,"We are hiring a Software Engineer. Required skills: git, python, docker, node.js, react, javascript. Strong problem solving and communication expected. <p>Work with cross-functional teams to deliver impact.</p>","git, python, docker, node.js, react, javascript",Contract,E-commerce,Masters,2025-01-30
225,BI Analyst,NimbusTech,Hyderabad,Telangana,India,False,1091495,3,Mid,"We are hiring a BI Analyst. Required skills: excel, tableau, power bi, communication. Strong communication and leadership expected. <p>Work with cross-functional teams to deliver impact.</p>","excel, tableau, power bi, communication",Internship,Healthcare,MTech,2025-02-16
226,DevOps Engineer,BrightSoft,Bangalore,Karnataka,India,False,1136412,5,Mid,"We are hiring a DevOps Engineer. Required skills: aws, github actions, docker, linux, jenkins, kubernetes. Strong problem solving and communication expected. <p>Work with cross-functional teams to deliver impact.</p>","aws, github actions, docker, linux, jenkins, kubernetes",Internship,SaaS,Masters,2025-06-21
227,Software Engineer,Acme Corp,Chennai,Tamil Nadu,India,False,1147216,5,Mid,"We are hiring a Software Engineer. Required skills: node.js, git, docker, python, java, react, javascript. Strong teamwork and leadership expected. <p>Work with cross-functional teams to deliver impact.</p>","node.js, git, docker, python, java, react, javascript",Contract,Fintech,Bachelors,2025-07-12
228,Frontend Developer,DataWorks,Delhi,Delhi,India,False,2376415,12,Senior,"We are hiring a Frontend Developer. Required skills: react, typescript, html, javascript. Strong leadership and adaptability expected. <p>Work with cross-functional teams to deliver impact.</p>","react, typescript, html, javascript",Internship,Healthcare,Bachelors,2025-08-08
229,Frontend Developer,DataWorks,Remote,Remote,India,True,430177,1,Entry,"We are hiring a Frontend Developer. Required skills: typescript, javascript, react, css. Strong adaptability and problem solving expected. <p>Work with cross-functional teams to deliver impact.</p>","typescript, javascript, react, css",Internship,EdTech,Masters,2025-06-17
230,Frontend Developer,Quantify Inc,Delhi,Delhi,India,False,1410941,6,Mid,"We are hiring a Frontend Developer. Required skills: typescript, javascript, css, react. Strong communication and adaptability expected. <p>Work with cross-functional teams to deliver impact.</p>","typescript, javascript, css, react",Internship,Fintech,Bachelors,2025-03-29
231,Software Engineer,StackWave,Bangalore,Karnataka,India,False,716641,1,Entry,"We are hiring a Software Engineer. Required skills: node.js, docker, javascript, python, react. Strong teamwork and adaptability expected. <p>Work with cross-functional teams to deliver impact.</p>","node.js, docker, javascript, python, react",Full-time,Healthcare,Masters,2025-04-28
232,Data Engineer,Acme Corp,Hyderabad,Telangana,India,False,1573059,6,Mid,"We are hiring a Data Engineer. Required skills: python, airflow, etl, aws, sql. Strong adaptability and communication expected. <p>Work with cross-functional teams to deliver impact.</p>","python, airflow, etl, aws, sql",Internship,Healthcare,MTech,2025-08-25
233,Backend Developer,NextGen AI,Remote,Remote,India,True,767477,0,Entry,"We are hiring a Backend Developer. Required skills: docker, sql, django, flask. Strong leadership and adaptability expected. <p>Work with cross-functional teams to deliver impact.</p>","docker, sql, django, flask",Internship,SaaS,Masters,2025-03-12
234,BI Analyst,NextGen AI,Chennai,Tamil Nadu,India,False,1359159,6,Mid,"We are hiring a BI Analyst. Required skills: tableau, excel, sql, communication. Strong teamwork and adaptability expected. <p>Work with cross-functional teams to deliver impact.</p>","tableau, excel, sql, communication",Full-time,EdTech,BTech,2025-06-25
235,Software Engineer,NextGen AI,Delhi,Delhi,India,False,2567757,14,Senior,"We are hiring a Software Engineer. Required skills: git, docker, java, javascript. Strong problem solving and leadership expected. <p>Work with cross-functional teams to deliver impact.</p>","git, docker, java, javascript",Full-time,EdTech,Bachelors,2025-01-07
236,BI Analyst,BrightSoft,Hyderabad,Telangana,India,False,1075046,4,Mid,"We are hiring a BI Analyst. Required skills: sql, communication, excel. Strong teamwork and communication expected. <p>Work with cross-functional teams to deliver impact.</p>","sql, communication, excel",Contract,Healthcare,Bachelors,2025-06-07
237,Backend Developer,PixelForge,Delhi,Delhi,India,False,2536380,6,Senior,"We are hiring a Backend Developer. Required skills: docker, sql, fastapi, python. Strong problem solving and communication expected. <p>Work with cross-functional teams to deliver impact.</p>","docker, sql, fastapi, python",Full-time,SaaS,BTech,2025-02-21
238,DevOps Engineer,DataWorks,Hyderabad,Telangana,India,False,1608807,2,Mid,"We are hiring a DevOps Engineer. Required skills: kubernetes, aws, linux, github actions, docker, jenkins. Strong leadership and communication expected. <p>Work with cross-functional teams to deliver impact.</p>","kubernetes, aws, linux, github actions, docker, jenkins",Contract,E-commerce,BTech,2025-02-03
239,ML Engineer,Quantify Inc,Chennai,Tamil Nadu,India,False,805783,1,Entry,"We are hiring a ML Engineer. Required skills: mlops, tensorflow, python, scikit-learn, pytorch, aws, docker. Strong adaptability and problem solving expected. <p>Work with cross-functional teams to deliver impact.</p>","mlops, tensorflow, python, scikit-learn, pytorch, aws, docker",Full-time,SaaS,BTech,2025-05-15
240,Data Engineer,Vertex Labs,Bangalore,Karnataka,India,False,1396375,6,Mid,"We are hiring a Data Engineer. Required skills: aws, python, etl, sql. Strong teamwork and problem solving expected. <p>Work with cross-functional teams to deliver impact.</p>","aws, python, etl, sql",Contract,E-commerce,BTech,2025-02-25
241,DevOps Engineer,Cloudify,Hyderabad,Telangana,India,False,511814,2,Entry,"We are hiring a DevOps Engineer. Required skills: github actions, docker, linux, aws, kubernetes, jenkins. Strong leadership and communication expected. <p>Work with cross-functional teams to deliver impact.</p>","github actions, docker, linux, aws, kubernetes, jenkins",Contract,E-commerce,BTech,2025-01-07
242,Backend Developer,DataWorks,Remote,Remote,India,True,1136345,3,Mid,"We are hiring a Backend Developer. Required skills: sql, docker, fastapi, django, python. Strong teamwork and communication expected. <p>Work with cross-functional teams to deliver impact.</p>","sql, docker, fastapi, django, python",Internship,IT Services,Masters,2025-06-21
243,Data Engineer,Acme Corp,Delhi,Delhi,India,False,2517828,6,Senior,"We are hiring a Data Engineer. Required skills: etl, python, sql, airflow, spark, docker. Strong communication and adaptability expected. <p>Work with cross-functional teams to deliver impact.</p>","etl, python, sql, airflow, spark, docker",Full-time,Fintech,BTech,2025-05-23
244,Data Scientist,NextGen AI,Mumbai,Maharashtra,India,False,1214052,2,Mid,"We are hiring a Data Scientist. Required skills: sql, pandas, numpy, scikit-learn, machine learning, statistics, python. Strong communication and adaptability expected. <p>Work with cross-functional teams to deliver impact.</p>","sql, pandas, numpy, scikit-learn, machine learning, statistics, python",Internship,EdTech,Bachelors,2025-06-29
245,Data Scientist,Quantify Inc,Delhi,Delhi,India,False,482316,1,Entry,"We are hiring a Data Scientist. Required skills: statistics, python, numpy, sql, scikit-learn. Strong teamwork and adaptability expected. <p>Work with cross-functional teams to deliver impact.</p>","statistics, python, numpy, sql, scikit-learn",Full-time,SaaS,MTech,2025-07-23
246,Backend Developer,Acme Corp,Bangalore,Karnataka,India,False,493802,2,Entry,"We are hiring a Backend Developer. Required skills: docker, django, flask, fastapi, sql. Strong adaptability and leadership expected. <p>Work with cross-functional teams to deliver impact.</p>","docker, django, flask, fastapi, sql",Internship,EdTech,Bachelors,2025-03-20
247,Data Engineer,NimbusTech,Hyderabad,Telangana,India,False,570190,0,Entry,"We are hiring a Data Engineer. Required skills: sql, airflow, aws, etl, python. Strong adaptability and communication expected. <p>Work with cross-functional teams to deliver impact.</p>","sql, airflow, aws, etl, python",Internship,Healthcare,Bachelors,2025-03-16
248,Data Scientist,Vertex Labs,Pune,Maharashtra,India,False,1123199,3,Mid,"We are hiring a Data Scientist. Required skills: python, pandas, statistics, scikit-learn, machine learning. Strong problem solving and leadership expected. <p>Work with cross-functional teams to deliver impact.</p>","python, pandas, statistics, scikit-learn, machine learning",Contract,E-commerce,BTech,2025-06-27
249,DevOps Engineer,PixelForge,Hyderabad,Telangana,India,False,1262286,2,Mid,"We are hiring a DevOps Engineer. Required skills: github actions, linux, aws, kubernetes. Strong problem solving and adaptability expected. <p>Work with cross-functional teams to deliver impact.</p>","github actions, linux, aws, kubernetes",Full-time,SaaS,BTech,2025-08-13
250,Frontend Developer,NimbusTech,Bangalore,Karnataka,India,False,2424247,15,Senior,"We are hiring a Frontend Developer. Required skills: css, typescript, react, html. Strong adaptability and teamwork expected. <p>Work with cross-functional teams to deliver impact.</p>","css, typescript, react, html",Contract,SaaS,Bachelors,2025-07-06
251,Data Scientist,NextGen AI,Hyderabad,Telangana,India,False,2148436,15,Senior,"We are hiring a Data Scientist. Required skills: sql, statistics, python. Strong problem solving and leadership expected. <p>Work with cross-functional teams to deliver impact.</p>","sql, statistics, python",Internship,Fintech,BTech,2025-04-11
252,Data Engineer,NextGen AI,Chennai,Tamil Nadu,India,False,1263899,2,Mid,"We are hiring a Data Engineer. Required skills: docker, spark, sql, airflow, etl, python, aws. Strong teamwork and leadership expected. <p>Work with cross-functional teams to deliver impact.</p>","docker, spark, sql, airflow, etl, python, aws",Full-time,Fintech,Masters,2025-07-08
253,Frontend Developer,NextGen AI,Bangalore,Karnataka,India,False,646818,1,Entry,"We are hiring a Frontend Developer. Required skills: javascript, react, css, html. Strong problem solving and leadership expected. <p>Work with cross-functional teams to deliver impact.</p>","javascript, react, css, html",Contract,Healthcare,Bachelors,2025-01-11
254,Software Engineer,PixelForge,Remote,Remote,India,True,2292294,14,Senior,"We are hiring a Software Engineer. Required skills: git, node.js, javascript. Strong leadership and problem solving expected. <p>Work with cross-functional teams to deliver impact.</p>","git, node.js, javascript",Internship,SaaS,Bachelors,2025-05-13
255,AI Engineer,NimbusTech,Hyderabad,Telangana,India,False,1531267,2,Mid,"We are hiring a AI Engineer. Required skills: pytorch, deep learning, computer vision, aws, nlp, python. Strong teamwork and communication expected. <p>Work with cross-functional teams to deliver impact.</p>","pytorch, deep learning, computer vision, aws, nlp, python",Internship,SaaS,BTech,2025-02-24
256,ML Engineer,Quantify Inc,Mumbai,Maharashtra,India,False,2248844,11,Senior,"We are hiring a ML Engineer. Required skills: pytorch, tensorflow, aws, python. Strong leadership and adaptability expected. <p>Work with cross-functional teams to deliver impact.</p>","pytorch, tensorflow, aws, python",Full-time,EdTech,Masters,2025-06-15
257,BI Analyst,Acme Corp,Mumbai,Maharashtra,India,False,2647544,8,Senior,"We are hiring a BI Analyst. Required skills: power bi, sql, excel. Strong adaptability and teamwork expected. <p>Work with cross-functional teams to deliver impact.</p>","power bi, sql, excel",Full-time,Fintech,BTech,2025-08-25
258,ML Engineer,NimbusTech,Chennai,Tamil Nadu,India,False,995065,1,Entry,"We are hiring a ML Engineer. Required skills: docker, aws, scikit-learn, python, tensorflow, pytorch, mlops. Strong teamwork and leadership expected. <p>Work with cross-functional teams to deliver impact.</p>","docker, aws, scikit-learn, python, tensorflow, pytorch, mlops",Internship,Fintech,Masters,2025-06-09
259,Backend Developer,Vertex Labs,Bangalore,Karnataka,India,False,467367,1,Entry,"We are hiring a Backend Developer. Required skills: django, flask, fastapi, sql, python. Strong adaptability and leadership expected. <p>Work with cross-functional teams to deliver impact.</p>","django, flask, fastapi, sql, python",Full-time,EdTech,Bachelors,2025-02-15
260,Frontend Developer,PixelForge,Remote,Remote,India,True,1051258,3,Mid,"We are hiring a Frontend Developer. Required skills: html, javascript, typescript, css, react. Strong adaptability and leadership expected. <p>Work with cross-functional teams to deliver impact.</p>","html, javascript, typescript, css, react",Contract,IT Services,MTech,2025-02-28
261,Frontend Developer,BrightSoft,Pune,Maharashtra,India,False,1458497,3,Mid,"We are hiring a Frontend Developer. Required skills: typescript, javascript, react, css. Strong teamwork and communication expected. <p>Work with cross-functional teams to deliver impact.</p>","typescript, javascript, react, css",Internship,SaaS,Bachelors,2025-05-28
262,Backend Developer,NimbusTech,Pune,Maharashtra,India,False,2221760,12,Senior,"We are hiring a Backend Developer. Required skills: sql, python, fastapi. Strong leadership and problem solving expected. <p>Work with cross-functional teams to deliver impact.</p>","sql, python, fastapi",Contract,EdTech,MTech,2025-05-25
263,Software Engineer,StackWave,Pune,Maharashtra,India,False,1411549,6,Mid,"We are hiring a Software Engineer. Required skills: javascript, git, react, java, node.js, docker, python. Strong problem solving and leadership expected. <p>Work with cross-functional teams to deliver impact.</p>","javascript, git, react, java, node.js, docker, python",Internship,Fintech,Bachelors,2025-07-11
264,Data Engineer,Acme Corp,Hyderabad,Telangana,India,False,1478004,6,Mid,"We are hiring a Data Engineer. Required skills: etl, docker, sql, python, airflow, aws. Strong communication and teamwork expected. <p>Work with cross-functional teams to deliver impact.</p>","etl, docker, sql, python, airflow, aws",Contract,EdTech,MTech,2025-01-23
265,Data Scientist,NimbusTech,Pune,Maharashtra,India,False,1110254,6,Mid,"We are hiring a Data Scientist. Required skills: pandas, numpy, python, statistics, machine learning. Strong leadership and adaptability expected. <p>Work with cross-functional teams to deliver impact.</p>","pandas, numpy, python, statistics, machine learning",Full-time,Fintech,BTech,2025-02-19
266,Data Analyst,PixelForge,Bangalore,Karnataka,India,False,779340,2,Entry,"We are hiring a Data Analyst. Required skills: tableau, statistics, sql, pandas, excel, python, power bi. Strong problem solving and leadership expected. <p>Work with cross-functional teams to deliver impact.</p>","tableau, statistics, sql, pandas, excel, python, power bi",Contract,EdTech,Masters,2025-05-13
267,Data Analyst,Vertex Labs,Pune,Maharashtra,India,False,2399939,11,Senior,"We are hiring a Data Analyst. Required skills: python, tableau, excel. Strong adaptability and teamwork expected. <p>Work with cross-functional teams to deliver impact.</p>","python, tableau, excel",Contract,Healthcare,Bachelors,2025-03-08
268,ML Engineer,Quantify Inc,Remote,Remote,India,True,1332292,6,Mid,"We are hiring a ML Engineer. Required skills: aws, python, mlops, scikit-learn, tensorflow, pytorch. Strong leadership and adaptability expected. <p>Work with cross-functional teams to deliver impact.</p>","aws, python, mlops, scikit-learn, tensorflow, pytorch",Full-time,E-commerce,MTech,2025-06-24
269,Frontend Developer,PixelForge,Chennai,Tamil Nadu,India,False,1381067,3,Mid,"We are hiring a Frontend Developer. Required skills: javascript, css, html, react, typescript. Strong problem solving and communication expected. <p>Work with cross-functional teams to deliver impact.</p>","javascript, css, html, react, typescript",Internship,E-commerce,Masters,2025-03-15
270,Data Scientist,NimbusTech,Remote,Remote,India,True,1352146,4,Mid,"We are hiring a Data Scientist. Required skills: machine learning, sql, numpy, python, statistics, scikit-learn. Strong teamwork and leadership expected. <p>Work with cross-functional teams to deliver impact.</p>","machine learning, sql, numpy, python, statistics, scikit-learn",Internship,Fintech,Masters,2025-07-08
271,Data Engineer,StackWave,Bangalore,Karnataka,India,False,1566596,2,Mid,"We are hiring a Data Engineer. Required skills: sql, etl, docker, aws, spark. Strong communication and adaptability expected. <p>Work with cross-functional teams to deliver impact.</p>","sql, etl, docker, aws, spark",Contract,E-commerce,BTech,2025-05-07
272,DevOps Engineer,Quantify Inc,Chennai,Tamil Nadu,India,False,2593732,14,Senior,"We are hiring a DevOps Engineer. Required skills: jenkins, kubernetes, aws, github actions, docker. Strong adaptability and communication expected. <p>Work with cross-functional teams to deliver impact.</p>","jenkins, kubernetes, aws, github actions, docker",Internship,E-commerce,MTech,2025-08-09
273,ML Engineer,Cloudify,Remote,Remote,India,True,575641,2,Entry,"We are hiring a ML Engineer. Required skills: python, scikit-learn, aws, docker, pytorch, mlops. Strong problem solving and adaptability expected. <p>Work with cross-functional teams to deliver impact.</p>","python, scikit-learn, aws, docker, pytorch, mlops",Full-time,EdTech,BTech,2025-03-02
274,AI Engineer,BrightSoft,Chennai,Tamil Nadu,India,False,890051,1,Entry,"We are hiring a AI Engineer. Required skills: deep learning, nlp, aws, python, pytorch, computer vision. Strong leadership and teamwork expected. <p>Work with cross-functional teams to deliver impact.</p>","deep learning, nlp, aws, python, pytorch, computer vision",Internship,Fintech,Masters,2025-07-28
275,Data Scientist,NimbusTech,Chennai,Tamil Nadu,India,False,460215,0,Entry,"We are hiring a Data Scientist. Required skills: sql, pandas, statistics, scikit-learn, machine learning. Strong leadership and adaptability expected. <p>Work with cross-functional teams to deliver impact.</p>","sql, pandas, statistics, scikit-learn, machine learning",Full-time,SaaS,BTech,2025-07-21
276,Frontend Developer,Quantify Inc,Chennai,Tamil Nadu,India,False,2396642,9,Senior,"We are hiring a Frontend Developer. Required skills: typescript, javascript, react, css. Strong communication and leadership expected. <p>Work with cross-functional teams to deliver impact.</p>","typescript, javascript, react, css",Internship,E-commerce,BTech,2025-04-03
277,Software Engineer,BrightSoft,Remote,Remote,India,True,2373017,15,Senior,"We are hiring a Software Engineer. Required skills: node.js, javascript, git, python, java, react, docker. Strong problem solving and adaptability expected. <p>Work with cross-functional teams to deliver impact.</p>","node.js, javascript, git, python, java, react, docker",Internship,EdTech,MTech,2025-07-18
278,Frontend Developer,DataWorks,Delhi,Delhi,India,False,2534434,11,Senior,"We are hiring a Frontend Developer. Required skills: css, typescript, react. Strong communication and teamwork expected. <p>Work with cross-functional teams to deliver impact.</p>","css, typescript, react",Contract,Fintech,BTech,2025-03-23
279,AI Engineer,NimbusTech,Delhi,Delhi,India,False,2325445,13,Senior,"We are hiring a AI Engineer. Required skills: deep learning, computer vision, nlp, pytorch, aws. Strong communication and teamwork expected. <p>Work with cross-functional teams to deliver impact.</p>","deep learning, computer vision, nlp, pytorch, aws",Internship,Fintech,BTech,2025-08-29
280,Data Scientist,NextGen AI,Bangalore,Karnataka,India,False,846297,1,Entry,"We are hiring a Data Scientist. Required skills: pandas, scikit-learn, python, statistics. Strong communication and adaptability expected. <p>Work with cross-functional teams to deliver impact.</p>","pandas, scikit-learn, python, statistics",Contract,EdTech,Masters,2025-01-22
281,BI Analyst,Acme Corp,Remote,Remote,India,True,1208895,3,Mid,"We are hiring a BI Analyst. Required skills: power bi, communication, tableau, excel. Strong communication and problem solving expected. <p>Work with cross-functional teams to deliver impact.</p>","power bi, communication, tableau, excel",Contract,Healthcare,MTech,2025-08-11
282,Backend Developer,NextGen AI,Delhi,Delhi,India,False,2698887,15,Senior,"We are hiring a Backend Developer. Required skills: sql, fastapi, django, flask, python. Strong problem solving and adaptability expected. <p>Work with cross-functional teams to deliver impact.</p>","sql, fastapi, django, flask, python",Contract,EdTech,Masters,2025-07-26
283,Data Scientist,Quantify Inc,Pune,Maharashtra,India,False,770692,0,Entry,"We are hiring a Data Scientist. Required skills: numpy, sql, scikit-learn, machine learning, python, pandas. Strong adaptability and communication expected. <p>Work with cross-functional teams to deliver impact.</p>","numpy, sql, scikit-learn, machine learning, python, pandas",Internship,Healthcare,MTech,2025-03-18
284,Data Analyst,NimbusTech,Delhi,Delhi,India,False,732035,1,Entry,"We are hiring a Data Analyst. Required skills: statistics, excel, tableau, sql, python, power bi. Strong leadership and adaptability expected. <p>Work with cross-functional teams to deliver impact.</p>","statistics, excel, tableau, sql, python, power bi",Full-time,E-commerce,Bachelors,2025-04-19
285,Data Engineer,Quantify Inc,Pune,Maharashtra,India,False,605717,0,Entry,"We are hiring a Data Engineer. Required skills: etl, aws, spark, docker, airflow, sql, python. Strong adaptability and leadership expected. <p>Work with cross-functional teams to deliver impact.</p>","etl, aws, spark, docker, airflow, sql, python",Contract,SaaS,MTech,2025-02-18
286,Software Engineer,Quantify Inc,Pune,Maharashtra,India,False,541113,0,Entry,"We are hiring a Software Engineer. Required skills: java, python, node.js. Strong communication and teamwork expected. <p>Work with cross-functional teams to deliver impact.</p>","java, python, node.js",Full-time,Fintech,Bachelors,2025-05-07
287,Data Engineer,Acme Corp,Chennai,Tamil Nadu,India,False,2303184,7,Senior,"We are hiring a Data Engineer. Required skills: airflow, spark, etl, docker, sql. Strong problem solving and leadership expected. <p>Work with cross-functional teams to deliver impact.</p>","airflow, spark, etl, docker, sql",Full-time,EdTech,MTech,2025-02-16
288,Data Engineer,Vertex Labs,Mumbai,Maharashtra,India,False,485138,1,Entry,"We are hiring a Data Engineer. Required skills: etl, airflow, python, aws, spark. Strong leadership and communication expected. <p>Work with cross-functional teams to deliver impact.</p>","etl, airflow, python, aws, spark",Internship,SaaS,Masters,2025-05-02
289,BI Analyst,Vertex Labs,Pune,Maharashtra,India,False,1104617,4,Mid,"We are hiring a BI Analyst. Required skills: tableau, communication, sql, excel, power bi. Strong communication and teamwork expected. <p>Work with cross-functional teams to deliver impact.</p>","tableau, communication, sql, excel, power bi",Internship,Healthcare,BTech,2025-01-04
290,ML Engineer,DataWorks,Hyderabad,Telangana,India,False,839439,2,Entry,"We are hiring a ML Engineer. Required skills: aws, python, docker, pytorch, scikit-learn. Strong teamwork and adaptability expected. <p>Work with cross-functional teams to deliver impact.</p>","aws, python, docker, pytorch, scikit-learn",Contract,IT Services,BTech,2025-08-27
291,Data Analyst,Cloudify,Delhi,Delhi,India,False,2353977,8,Senior,"We are hiring a Data Analyst. Required skills: excel, pandas, sql. Strong adaptability and problem solving expected. <p>Work with cross-functional teams to deliver impact.</p>","excel, pandas, sql",Contract,SaaS,Masters,2025-01-06
292,BI Analyst,Vertex Labs,Remote,Remote,India,True,2643898,10,Senior,"We are hiring a BI Analyst. Required skills: power bi, tableau, sql, communication. Strong adaptability and teamwork expected. <p>Work with cross-functional teams to deliver impact.</p>","power bi, tableau, sql, communication",Internship,E-commerce,BTech,2025-07-07
293,Frontend Developer,Acme Corp,Pune,Maharashtra,India,False,1506136,4,Mid,"We are hiring a Frontend Developer. Required skills: html, react, javascript, typescript. Strong adaptability and leadership expected. <p>Work with cross-functional teams to deliver impact.</p>","html, react, javascript, typescript",Internship,Fintech,Bachelors,2025-06-08
294,Software Engineer,DataWorks,Mumbai,Maharashtra,India,False,2527666,12,Senior,"We are hiring a Software Engineer. Required skills: java, javascript, python, react, node.js, docker, git. Strong communication and adaptability expected. <p>Work with cross-functional teams to deliver impact.</p>","java, javascript, python, react, node.js, docker, git",Full-time,Fintech,Masters,2025-08-12
295,Data Analyst,Acme Corp,Remote,Remote,India,True,698371,2,Entry,"We are hiring a Data Analyst. Required skills: python, power bi, sql, statistics. Strong problem solving and teamwork expected. <p>Work with cross-functional teams to deliver impact.</p>","python, power bi, sql, statistics",Internship,SaaS,Bachelors,2025-01-04
296,Data Engineer,DataWorks,Pune,Maharashtra,India,False,1112627,2,Mid,"We are hiring a Data Engineer. Required skills: etl, python, airflow, docker, sql, spark. Strong problem solving and communication expected. <p>Work with cross-functional teams to deliver impact.</p>","etl, python, airflow, docker, sql, spark",Full-time,EdTech,Bachelors,2025-01-26
297,Data Engineer,PixelForge,Mumbai,Maharashtra,India,False,2671003,11,Senior,"We are hiring a Data Engineer. Required skills: airflow, sql, docker, aws, spark, python, etl. Strong communication and teamwork expected. <p>Work with cross-functional teams to deliver impact.</p>","airflow, sql, docker, aws, spark, python, etl",Full-time,EdTech,MTech,2025-05-10
298,Software Engineer,Cloudify,Delhi,Delhi,India,False,1481504,4,Mid,"We are hiring a Software Engineer. Required skills: node.js, docker, react, javascript. Strong adaptability and teamwork expected. <p>Work with cross-functional teams to deliver impact.</p>","node.js, docker, react, javascript",Internship,EdTech,Masters,2025-04-07
299,Backend Developer,NimbusTech,Bangalore,Karnataka,India,False,2692752,15,Senior,"We are hiring a Backend Developer. Required skills: flask, fastapi, sql, django, python. Strong problem solving and communication expected. <p>Work with cross-functional teams to deliver impact.</p>","flask, fastapi, sql, django, python",Contract,Fintech,Masters,2025-08-08
300,Software Engineer,DataWorks,Remote,Remote,India,True,2272230,15,Senior,"We are hiring a Software Engineer. Required skills: docker, git, javascript. Strong communication and leadership expected. <p>Work with cross-functional teams to deliver impact.</p>","docker, git, javascript",Contract,Fintech,Masters,2025-03-09
301,Software Engineer,StackWave,Hyderabad,Telangana,India,False,2701994,13,Senior,"We are hiring a Software Engineer. Required skills: java, docker, javascript, node.js, python, git, react. Strong communication and problem solving expected. <p>Work with cross-functional teams to deliver impact.</p>","java, docker, javascript, node.js, python, git, react",Full-time,SaaS,MTech,2025-01-21
302,Data Analyst,Acme Corp,Mumbai,Maharashtra,India,False,2551066,6,Senior,"We are hiring a Data Analyst. Required skills: excel, power bi, pandas, python, tableau. Strong problem solving and communication expected. <p>Work with cross-functional teams to deliver impact.</p>","excel, power bi, pandas, python, tableau",Contract,EdTech,Masters,2025-03-25
303,Backend Developer,BrightSoft,Hyderabad,Telangana,India,False,2582917,7,Senior,"We are hiring a Backend Developer. Required skills: django, python, fastapi, docker. Strong leadership and teamwork expected. <p>Work with cross-functional teams to deliver impact.</p>","django, python, fastapi, docker",Full-time,E-commerce,Bachelors,2025-05-02
304,DevOps Engineer,NimbusTech,Chennai,Tamil Nadu,India,False,546708,1,Entry,"We are hiring a DevOps Engineer. Required skills: github actions, jenkins, aws. Strong leadership and teamwork expected. <p>Work with cross-functional teams to deliver impact.</p>","github actions, jenkins, aws",Contract,Healthcare,Masters,2025-05-24
305,DevOps Engineer,PixelForge,Bangalore,Karnataka,India,False,1463672,6,Mid,"We are hiring a DevOps Engineer. Required skills: kubernetes, docker, aws, linux. Strong problem solving and adaptability expected. <p>Work with cross-functional teams to deliver impact.</p>","kubernetes, docker, aws, linux",Full-time,E-commerce,BTech,2025-06-02
306,Data Analyst,NimbusTech,Hyderabad,Telangana,India,False,841979,1,Entry,"We are hiring a Data Analyst. Required skills: sql, excel, tableau, power bi, pandas. Strong communication and adaptability expected. <p>Work with cross-functional teams to deliver impact.</p>","sql, excel, tableau, power bi, pandas",Internship,IT Services,Masters,2025-06-08
307,ML Engineer,Vertex Labs,Mumbai,Maharashtra,India,False,1272167,4,Mid,"We are hiring a ML Engineer. Required skills: python, tensorflow, mlops, scikit-learn, pytorch. Strong adaptability and problem solving expected. <p>Work with cross-functional teams to deliver impact.</p>","python, tensorflow, mlops, scikit-learn, pytorch",Internship,Healthcare,Masters,2025-06-27
308,Data Analyst,Quantify Inc,Pune,Maharashtra,India,False,525663,1,Entry,"We are hiring a Data Analyst. Required skills: tableau, pandas, statistics, python, sql, power bi. Strong communication and adaptability expected. <p>Work with cross-functional teams to deliver impact.</p>","tableau, pandas, statistics, python, sql, power bi",Contract,SaaS,BTech,2025-06-19
309,Software Engineer,StackWave,Pune,Maharashtra,India,False,918205,1,Entry,"We are hiring a Software Engineer. Required skills: python, javascript, react. Strong adaptability and communication expected. <p>Work with cross-functional teams to deliver impact.</p>","python, javascript, react",Full-time,Fintech,MTech,2025-05-24
310,Data Analyst,Cloudify,Bangalore,Karnataka,India,False,1373625,5,Mid,"We are hiring a Data Analyst. Required skills: sql, tableau, excel. Strong problem solving and adaptability expected. <p>Work with cross-functional teams to deliver impact.</p>","sql, tableau, excel",Full-time,EdTech,BTech,2025-07-27
311,Data Analyst,NextGen AI,Bangalore,Karnataka,India,False,850773,1,Entry,"We are hiring a Data Analyst. Required skills: power bi, python, tableau, excel, pandas. Strong adaptability and teamwork expected. <p>Work with cross-functional teams to deliver impact.</p>","power bi, python, tableau, excel, pandas",Contract,Fintech,Masters,2025-04-20
312,AI Engineer,NimbusTech,Pune,Maharashtra,India,False,2699249,8,Senior,"We are hiring a AI Engineer. Required skills: computer vision, deep learning, pytorch, python, nlp. Strong leadership and teamwork expected. <p>Work with cross-functional teams to deliver impact.</p>","computer vision, deep learning, pytorch, python, nlp",Internship,EdTech,Masters,2025-03-23
313,Data Scientist,NimbusTech,Delhi,Delhi,India,False,1377096,5,Mid,"We are hiring a Data Scientist. Required skills: statistics, machine learning, python, pandas, scikit-learn, sql, numpy. Strong teamwork and communication expected. <p>Work with cross-functional teams to deliver impact.</p>","statistics, machine learning, python, pandas, scikit-learn, sql, numpy",Full-time,Fintech,Bachelors,2025-07-15
314,DevOps Engineer,NimbusTech,Bangalore,Karnataka,India,False,949753,2,Entry,"We are hiring a DevOps Engineer. Required skills: github actions, linux, kubernetes, aws, docker. Strong adaptability and leadership expected. <p>Work with cross-functional teams to deliver impact.</p>","github actions, linux, kubernetes, aws, docker",Internship,SaaS,BTech,2025-02-17
315,BI Analyst,Vertex Labs,Pune,Maharashtra,India,False,863108,0,Entry,"We are hiring a BI Analyst. Required skills: excel, power bi, sql, tableau. Strong teamwork and adaptability expected. <p>Work with cross-functional teams to deliver impact.</p>","excel, power bi, sql, tableau",Full-time,Fintech,MTech,2025-08-10
316,DevOps Engineer,NextGen AI,Delhi,Delhi,India,False,510382,2,Entry,"We are hiring a DevOps Engineer. Required skills: linux, aws, jenkins, docker, kubernetes, github actions. Strong communication and leadership expected. <p>Work with cross-functional teams to deliver impact.</p>","linux, aws, jenkins, docker, kubernetes, github actions",Contract,IT Services,Masters,2025-05-13
317,Backend Developer,Quantify Inc,Chennai,Tamil Nadu,India,False,1369803,5,Mid,"We are hiring a Backend Developer. Required skills: docker, python, fastapi, flask, sql, django. Strong teamwork and leadership expected. <p>Work with cross-functional teams to deliver impact.</p>","docker, python, fastapi, flask, sql, django",Contract,EdTech,Bachelors,2025-06-26
318,Backend Developer,PixelForge,Mumbai,Maharashtra,India,False,2271879,15,Senior,"We are hiring a Backend Developer. Required skills: fastapi, docker, python, flask. Strong leadership and problem solving expected. <p>Work with cross-functional teams to deliver impact.</p>","fastapi, docker, python, flask",Contract,IT Services,Masters,2025-04-27
319,DevOps Engineer,Quantify Inc,Bangalore,Karnataka,India,False,2249710,7,Senior,"We are hiring a DevOps Engineer. Required skills: jenkins, docker, aws, kubernetes. Strong problem solving and communication expected. <p>Work with cross-functional teams to deliver impact.</p>","jenkins, docker, aws, kubernetes",Internship,SaaS,MTech,2025-07-06
320,Backend Developer,NimbusTech,Hyderabad,Telangana,India,False,581631,1,Entry,"We are hiring a Backend Developer. Required skills: fastapi, sql, docker, python. Strong communication and leadership expected. <p>Work with cross-functional teams to deliver impact.</p>","fastapi, sql, docker, python",Contract,E-commerce,MTech,2025-03-15
321,ML Engineer,NextGen AI,Delhi,Delhi,India,False,2632864,13,Senior,"We are hiring a ML Engineer. Required skills: pytorch, mlops, python. Strong communication and leadership expected. <p>Work with cross-functional teams to deliver impact.</p>","pytorch, mlops, python",Full-time,Fintech,MTech,2025-04-27
322,BI Analyst,NimbusTech,Bangalore,Karnataka,India,False,2323818,9,Senior,"We are hiring a BI Analyst. Required skills: sql, communication, excel, power bi. Strong communication and problem solving expected. <p>Work with cross-functional teams to deliver impact.</p>","sql, communication, excel, power bi",Full-time,Fintech,Bachelors,2025-06-20
323,DevOps Engineer,Quantify Inc,Mumbai,Maharashtra,India,False,636037,0,Entry,"We are hiring a DevOps Engineer. Required skills: aws, docker, github actions, jenkins, kubernetes. Strong adaptability and problem solving expected. <p>Work with cross-functional teams to deliver impact.</p>","aws, docker, github actions, jenkins, kubernetes",Full-time,IT Services,BTech,2025-03-24
324,Software Engineer,NextGen AI,Remote,Remote,India,True,903856,0,Entry,"We are hiring a Software Engineer. Required skills: docker, python, react, git, java, javascript. Strong teamwork and adaptability expected. <p>Work with cross-functional teams to deliver impact.</p>","docker, python, react, git, java, javascript",Internship,IT Services,Bachelors,2025-05-27
325,Backend Developer,NimbusTech,Remote,Remote,India,True,1381042,4,Mid,"We are hiring a Backend Developer. Required skills: fastapi, sql, flask. Strong adaptability and leadership expected. <p>Work with cross-functional teams to deliver impact.</p>","fastapi, sql, flask",Internship,SaaS,MTech,2025-05-07
326,ML Engineer,PixelForge,Chennai,Tamil Nadu,India,False,1524773,2,Mid,"We are hiring a ML Engineer. Required skills: pytorch, scikit-learn, tensorflow, mlops, python, aws, docker. Strong communication and problem solving expected. <p>Work with cross-functional teams to deliver impact.</p>","pytorch, scikit-learn, tensorflow, mlops, python, aws, docker",Contract,EdTech,Masters,2025-01-03
327,Data Engineer,Cloudify,Mumbai,Maharashtra,India,False,2499472,7,Senior,"We are hiring a Data Engineer. Required skills: spark, python, etl, aws, airflow. Strong leadership and communication expected. <p>Work with cross-functional teams to deliver impact.</p>","spark, python, etl, aws, airflow",Full-time,Fintech,BTech,2025-08-02
328,Software Engineer,NextGen AI,Mumbai,Maharashtra,India,False,2228743,12,Senior,"We are hiring a Software Engineer. Required skills: react, python, java, docker, git, node.js. Strong problem solving and adaptability expected. <p>Work with cross-functional teams to deliver impact.</p>","react, python, java, docker, git, node.js",Internship,EdTech,Bachelors,2025-02-23
329,DevOps Engineer,NimbusTech,Remote,Remote,India,True,1458489,6,Mid,"We are hiring a DevOps Engineer. Required skills: aws, docker, kubernetes, jenkins, github actions. Strong adaptability and communication expected. <p>Work with cross-functional teams to deliver impact.</p>","aws, docker, kubernetes, jenkins, github actions",Contract,SaaS,BTech,2025-07-01
330,Data Analyst,DataWorks,Pune,Maharashtra,India,False,1233514,3,Mid,"We are hiring a Data Analyst. Required skills: power bi, python, statistics, sql, tableau. Strong problem solving and communication expected. <p>Work with cross-functional teams to deliver impact.</p>","power bi, python, statistics, sql, tableau",Full-time,IT Services,MTech,2025-05-10
331,Data Analyst,Vertex Labs,Mumbai,Maharashtra,India,False,1209164,2,Mid,"We are hiring a Data Analyst. Required skills: tableau, sql, pandas, excel, statistics, power bi. Strong communication and leadership expected. <p>Work with cross-functional teams to deliver impact.</p>","tableau, sql, pandas, excel, statistics, power bi",Contract,SaaS,Bachelors,2025-01-02
332,AI Engineer,Acme Corp,Remote,Remote,India,True,1337659,2,Mid,"We are hiring a AI Engineer. Required skills: aws, deep learning, python. Strong adaptability and problem solving expected. <p>Work with cross-functional teams to deliver impact.</p>","aws, deep learning, python",Internship,Fintech,BTech,2025-02-21
333,Data Engineer,Acme Corp,Pune,Maharashtra,India,False,570020,1,Entry,"We are hiring a Data Engineer. Required skills: spark, aws, etl, airflow, docker. Strong adaptability and communication expected. <p>Work with cross-functional teams to deliver impact.</p>","spark, aws, etl, airflow, docker",Full-time,EdTech,BTech,2025-05-21
334,Software Engineer,Acme Corp,Remote,Remote,India,True,915198,1,Entry,"We are hiring a Software Engineer. Required skills: java, git, javascript, docker, python. Strong teamwork and communication expected. <p>Work with cross-functional teams to deliver impact.</p>","java, git, javascript, docker, python",Contract,SaaS,Bachelors,2025-01-28
335,BI Analyst,StackWave,Mumbai,Maharashtra,India,False,877493,2,Entry,"We are hiring a BI Analyst. Required skills: sql, excel, power bi. Strong problem solving and adaptability expected. <p>Work with cross-functional teams to deliver impact.</p>","sql, excel, power bi",Contract,Fintech,Bachelors,2025-08-25
336,Frontend Developer,NimbusTech,Hyderabad,Telangana,India,False,1284665,5,Mid,"We are hiring a Frontend Developer. Required skills: react, javascript, typescript, html, css. Strong adaptability and problem solving expected. <p>Work with cross-functional teams to deliver impact.</p>","react, javascript, typescript, html, css",Contract,Healthcare,Masters,2025-06-29
337,Software Engineer,BrightSoft,Chennai,Tamil Nadu,India,False,629098,1,Entry,"We are hiring a Software Engineer. Required skills: react, docker, python, node.js, java. Strong problem solving and teamwork expected. <p>Work with cross-functional teams to deliver impact.</p>","react, docker, python, node.js, java",Internship,IT Services,MTech,2025-07-29
338,Data Scientist,NextGen AI,Hyderabad,Telangana,India,False,1305528,6,Mid,"We are hiring a Data Scientist. Required skills: statistics, machine learning, python, numpy, scikit-learn. Strong teamwork and leadership expected. <p>Work with cross-functional teams to deliver impact.</p>","statistics, machine learning, python, numpy, scikit-learn",Contract,IT Services,BTech,2025-02-23
339,DevOps Engineer,DataWorks,Chennai,Tamil Nadu,India,False,2680268,15,Senior,"We are hiring a DevOps Engineer. Required skills: jenkins, github actions, aws, linux, docker, kubernetes. Strong adaptability and leadership expected. <p>Work with cross-functional teams to deliver impact.</p>","jenkins, github actions, aws, linux, docker, kubernetes",Contract,EdTech,Bachelors,2025-07-30
340,Frontend Developer,Acme Corp,Pune,Maharashtra,India,False,2628306,12,Senior,"We are hiring a Frontend Developer. Required skills: typescript, css, javascript. Strong communication and teamwork expected. <p>Work with cross-functional teams to deliver impact.</p>","typescript, css, javascript",Full-time,EdTech,Bachelors,2025-07-13
341,ML Engineer,BrightSoft,Hyderabad,Telangana,India,False,2461976,9,Senior,"We are hiring a ML Engineer. Required skills: docker, aws, tensorflow, mlops. Strong adaptability and problem solving expected. <p>Work with cross-functional teams to deliver impact.</p>","docker, aws, tensorflow, mlops",Contract,SaaS,BTech,2025-01-23
342,DevOps Engineer,Acme Corp,Remote,Remote,India,True,465708,1,Entry,"We are hiring a DevOps Engineer. Required skills: github actions, linux, jenkins. Strong adaptability and problem solving expected. <p>Work with cross-functional teams to deliver impact.</p>","github actions, linux, jenkins",Full-time,E-commerce,Bachelors,2025-03-02
343,BI Analyst,Quantify Inc,Hyderabad,Telangana,India,False,1231833,5,Mid,"We are hiring a BI Analyst. Required skills: communication, excel, tableau, power bi, sql. Strong teamwork and adaptability expected. <p>Work with cross-functional teams to deliver impact.</p>","communication, excel, tableau, power bi, sql",Internship,Healthcare,BTech,2025-08-04
344,BI Analyst,PixelForge,Mumbai,Maharashtra,India,False,920343,0,Entry,"We are hiring a BI Analyst. Required skills: tableau, power bi, sql. Strong teamwork and communication expected. <p>Work with cross-functional teams to deliver impact.</p>","tableau, power bi, sql",Full-time,SaaS,MTech,2025-08-09
345,Frontend Developer,Vertex Labs,Delhi,Delhi,India,False,2522566,13,Senior,"We are hiring a Frontend Developer. Required skills: html, css, typescript, javascript, react. Strong teamwork and leadership expected. <p>Work with cross-functional teams to deliver impact.</p>","html, css, typescript, javascript, react",Internship,IT Services,MTech,2025-08-05
346,Data Engineer,NimbusTech,Delhi,Delhi,India,False,2273952,15,Senior,"We are hiring a Data Engineer. Required skills: spark, airflow, aws, etl, python, docker, sql. Strong adaptability and problem solving expected. <p>Work with cross-functional teams to deliver impact.</p>","spark, airflow, aws, etl, python, docker, sql",Contract,EdTech,Bachelors,2025-05-14
347,DevOps Engineer,Cloudify,Pune,Maharashtra,India,False,2165337,15,Senior,"We are hiring a DevOps Engineer. Required skills: kubernetes, jenkins, docker. Strong adaptability and communication expected. <p>Work with cross-functional teams to deliver impact.</p>","kubernetes, jenkins, docker",Contract,Healthcare,MTech,2025-05-27
348,Software Engineer,StackWave,Mumbai,Maharashtra,India,False,2666144,6,Senior,"We are hiring a Software Engineer. Required skills: javascript, docker, git, java, python, react. Strong teamwork and communication expected. <p>Work with cross-functional teams to deliver impact.</p>","javascript, docker, git, java, python, react",Internship,E-commerce,Bachelors,2025-03-15
349,Frontend Developer,Acme Corp,Pune,Maharashtra,India,False,1279437,6,Mid,"We are hiring a Frontend Developer. Required skills: react, javascript, html. Strong communication and teamwork expected. <p>Work with cross-functional teams to deliver impact.</p>","react, javascript, html",Internship,SaaS,Masters,2025-06-18
350,Frontend Developer,NimbusTech,Pune,Maharashtra,India,False,1118501,6,Mid,"We are hiring a Frontend Developer. Required skills: react, typescript, css, javascript. Strong adaptability and teamwork expected. <p>Work with cross-functional teams to deliver impact.</p>","react, typescript, css, javascript",Contract,Healthcare,MTech,2025-03-02
351,Frontend Developer,PixelForge,Hyderabad,Telangana,India,False,2636554,6,Senior,"We are hiring a Frontend Developer. Required skills: react, html, typescript, css, javascript. Strong leadership and problem solving expected. <p>Work with cross-functional teams to deliver impact.</p>","react, html, typescript, css, javascript",Contract,SaaS,Masters,2025-04-08
352,BI Analyst,NextGen AI,Mumbai,Maharashtra,India,False,761023,1,Entry,"We are hiring a BI Analyst. Required skills: tableau, power bi, communication, excel. Strong communication and adaptability expected. <p>Work with cross-functional teams to deliver impact.</p>","tableau, power bi, communication, excel",Internship,SaaS,BTech,2025-08-05
353,BI Analyst,StackWave,Delhi,Delhi,India,False,1303542,6,Mid,"We are hiring a BI Analyst. Required skills: tableau, communication, power bi, excel, sql. Strong teamwork and problem solving expected. <p>Work with cross-functional teams to deliver impact.</p>","tableau, communication, power bi, excel, sql",Internship,SaaS,Masters,2025-03-22
354,Backend Developer,Cloudify,Bangalore,Karnataka,India,False,877604,1,Entry,"We are hiring a Backend Developer. Required skills: docker, python, sql. Strong teamwork and problem solving expected. <p>Work with cross-functional teams to deliver impact.</p>","docker, python, sql",Contract,Fintech,Bachelors,2025-01-07
355,DevOps Engineer,PixelForge,Bangalore,Karnataka,India,False,2246217,7,Senior,"We are hiring a DevOps Engineer. Required skills: docker, github actions, kubernetes. Strong adaptability and teamwork expected. <p>Work with cross-functional teams to deliver impact.</p>","docker, github actions, kubernetes",Full-time,SaaS,Masters,2025-03-06
356,AI Engineer,PixelForge,Chennai,Tamil Nadu,India,False,1135417,2,Mid,"We are hiring a AI Engineer. Required skills: aws, python, computer vision, pytorch, nlp, deep learning. Strong leadership and problem solving expected. <p>Work with cross-functional teams to deliver impact.</p>","aws, python, computer vision, pytorch, nlp, deep learning",Full-time,E-commerce,BTech,2025-02-15
357,Frontend Developer,Vertex Labs,Hyderabad,Telangana,India,False,1462202,5,Mid,"We are hiring a Frontend Developer. Required skills: css, react, typescript. Strong adaptability and communication expected. <p>Work with cross-functional teams to deliver impact.</p>","css, react, typescript",Contract,SaaS,BTech,2025-01-27
358,Data Analyst,Acme Corp,Mumbai,Maharashtra,India,False,1010909,5,Mid,"We are hiring a Data Analyst. Required skills: python, tableau, excel. Strong leadership and problem solving expected. <p>Work with cross-functional teams to deliver impact.</p>","python, tableau, excel",Full-time,SaaS,BTech,2025-08-20
359,BI Analyst,Quantify Inc,Bangalore,Karnataka,India,False,2553097,9,Senior,"We are hiring a BI Analyst. Required skills: sql, excel, power bi, tableau, communication. Strong communication and problem solving expected. <p>Work with cross-functional teams to deliver impact.</p>","sql, excel, power bi, tableau, communication",Contract,SaaS,BTech,2025-04-13
360,Data Analyst,PixelForge,Hyderabad,Telangana,India,False,451241,1,Entry,"We are hiring a Data Analyst. Required skills: excel, tableau, statistics. Strong teamwork and problem solving expected. <p>Work with cross-functional teams to deliver impact.</p>","excel, tableau, statistics",Internship,Healthcare,Bachelors,2025-06-11
361,Software Engineer,DataWorks,Delhi,Delhi,India,False,877652,0,Entry,"We are hiring a Software Engineer. Required skills: python, git, react, java, docker, javascript. Strong adaptability and problem solving expected. <p>Work with cross-functional teams to deliver impact.</p>","python, git, react, java, docker, javascript",Contract,EdTech,MTech,2025-01-05
362,Data Analyst,StackWave,Mumbai,Maharashtra,India,False,606189,2,Entry,"We are hiring a Data Analyst. Required skills: python, excel, statistics, power bi, tableau. Strong teamwork and communication expected. <p>Work with cross-functional teams to deliver impact.</p>","python, excel, statistics, power bi, tableau",Full-time,SaaS,Masters,2025-05-06
363,Data Analyst,StackWave,Delhi,Delhi,India,False,2348980,7,Senior,"We are hiring a Data Analyst. Required skills: tableau, python, sql, statistics, pandas, excel. Strong communication and adaptability expected. <p>Work with cross-functional teams to deliver impact.</p>","tableau, python, sql, statistics, pandas, excel",Full-time,Healthcare,Masters,2025-01-17
364,Data Engineer,DataWorks,Hyderabad,Telangana,India,False,1421801,2,Mid,"We are hiring a Data Engineer. Required skills: spark, docker, airflow, etl, python, aws. Strong communication and problem solving expected. <p>Work with cross-functional teams to deliver impact.</p>","spark, docker, airflow, etl, python, aws",Full-time,Healthcare,Masters,2025-06-28
365,Software Engineer,NimbusTech,Bangalore,Karnataka,India,False,497574,0,Entry,"We are hiring a Software Engineer. Required skills: java, react, docker, python, git, javascript, node.js. Strong communication and problem solving expected. <p>Work with cross-functional teams to deliver impact.</p>","java, react, docker, python, git, javascript, node.js",Contract,SaaS,MTech,2025-06-27
366,ML Engineer,StackWave,Mumbai,Maharashtra,India,False,1069448,3,Mid,"We are hiring a ML Engineer. Required skills: pytorch, scikit-learn, tensorflow, docker. Strong teamwork and leadership expected. <p>Work with cross-functional teams to deliver impact.</p>","pytorch, scikit-learn, tensorflow, docker",Internship,IT Services,BTech,2025-03-31
367,BI Analyst,Vertex Labs,Pune,Maharashtra,India,False,942195,2,Entry,"We are hiring a BI Analyst. Required skills: communication, power bi, sql. Strong leadership and teamwork expected. <p>Work with cross-functional teams to deliver impact.</p>","communication, power bi, sql",Contract,IT Services,Masters,2025-01-29
368,ML Engineer,Acme Corp,Pune,Maharashtra,India,False,1545159,5,Mid,"We are hiring a ML Engineer. Required skills: docker, pytorch, scikit-learn, python, mlops, aws. Strong communication and adaptability expected. <p>Work with cross-functional teams to deliver impact.</p>","docker, pytorch, scikit-learn, python, mlops, aws",Internship,Fintech,Masters,2025-07-21
369,Data Analyst,Vertex Labs,Hyderabad,Telangana,India,False,2511505,12,Senior,"We are hiring a Data Analyst. Required skills: tableau, python, pandas, sql, excel, power bi. Strong communication and problem solving expected. <p>Work with cross-functional teams to deliver impact.</p>","tableau, python, pandas, sql, excel, power bi",Full-time,IT Services,Masters,2025-07-08
370,BI Analyst,Vertex Labs,Delhi,Delhi,India,False,1161981,5,Mid,"We are hiring a BI Analyst. Required skills: excel, power bi, sql. Strong adaptability and leadership expected. <p>Work with cross-functional teams to deliver impact.</p>","excel, power bi, sql",Full-time,Healthcare,BTech,2025-02-04
371,Frontend Developer,DataWorks,Pune,Maharashtra,India,False,593132,0,Entry,"We are hiring a Frontend Developer. Required skills: react, typescript, html, javascript, css. Strong leadership and adaptability expected. <p>Work with cross-functional teams to deliver impact.</p>","react, typescript, html, javascript, css",Contract,Fintech,BTech,2025-02-26
372,AI Engineer,Quantify Inc,Chennai,Tamil Nadu,India,False,2677114,12,Senior,"We are hiring a AI Engineer. Required skills: aws, deep learning, pytorch, nlp. Strong teamwork and leadership expected. <p>Work with cross-functional teams to deliver impact.</p>","aws, deep learning, pytorch, nlp",Contract,E-commerce,Bachelors,2025-07-06
373,BI Analyst,Acme Corp,Delhi,Delhi,India,False,2196372,6,Senior,"We are hiring a BI Analyst. Required skills: power bi, communication, excel, tableau, sql. Strong leadership and communication expected. <p>Work with cross-functional teams to deliver impact.</p>","power bi, communication, excel, tableau, sql",Contract,EdTech,MTech,2025-05-03
374,Data Scientist,Acme Corp,Hyderabad,Telangana,India,False,565136,0,Entry,"We are hiring a Data Scientist. Required skills: scikit-learn, pandas, python, statistics, numpy, machine learning. Strong leadership and problem solving expected. <p>Work with cross-functional teams to deliver impact.</p>","scikit-learn, pandas, python, statistics, numpy, machine learning",Full-time,SaaS,MTech,2025-08-08
375,DevOps Engineer,Acme Corp,Mumbai,Maharashtra,India,False,2596849,11,Senior,"We are hiring a DevOps Engineer. Required skills: jenkins, linux, kubernetes. Strong communication and leadership expected. <p>Work with cross-functional teams to deliver impact.</p>","jenkins, linux, kubernetes",Internship,E-commerce,Bachelors,2025-03-17
376,BI Analyst,Acme Corp,Mumbai,Maharashtra,India,False,2511671,14,Senior,"We are hiring a BI Analyst. Required skills: communication, power bi, tableau, sql. Strong communication and leadership expected. <p>Work with cross-functional teams to deliver impact.</p>","communication, power bi, tableau, sql",Contract,Healthcare,Bachelors,2025-04-04
377,Software Engineer,StackWave,Bangalore,Karnataka,India,False,931736,1,Entry,"We are hiring a Software Engineer. Required skills: git, node.js, python, java. Strong teamwork and adaptability expected. <p>Work with cross-functional teams to deliver impact.</p>","git, node.js, python, java",Contract,E-commerce,BTech,2025-05-09
378,BI Analyst,Quantify Inc,Chennai,Tamil Nadu,India,False,1158670,6,Mid,"We are hiring a BI Analyst. Required skills: sql, communication, power bi, tableau. Strong adaptability and problem solving expected. <p>Work with cross-functional teams to deliver impact.</p>","sql, communication, power bi, tableau",Contract,EdTech,BTech,2025-07-24
379,Data Scientist,DataWorks,Hyderabad,Telangana,India,False,719346,1,Entry,"We are hiring a Data Scientist. Required skills: scikit-learn, python, machine learning, sql. Strong teamwork and leadership expected. <p>Work with cross-functional teams to deliver impact.</p>","scikit-learn, python, machine learning, sql",Full-time,Fintech,Bachelors,2025-03-17
380,BI Analyst,Acme Corp,Hyderabad,Telangana,India,False,1116007,2,Mid,"We are hiring a BI Analyst. Required skills: communication, power bi, excel, tableau, sql. Strong teamwork and problem solving expected. <p>Work with cross-functional teams to deliver impact.</p>","communication, power bi, excel, tableau, sql",Contract,EdTech,BTech,2025-06-17
381,Software Engineer,Vertex Labs,Chennai,Tamil Nadu,India,False,2442637,8,Senior,"We are hiring a Software Engineer. Required skills: node.js, git, docker, react, java, javascript. Strong leadership and problem solving expected. <p>Work with cross-functional teams to deliver impact.</p>","node.js, git, docker, react, java, javascript",Contract,IT Services,Masters,2025-04-01
382,AI Engineer,Acme Corp,Hyderabad,Telangana,India,False,592596,2,Entry,"We are hiring a AI Engineer. Required skills: pytorch, deep learning, aws, nlp, computer vision, python. Strong problem solving and teamwork expected. <p>Work with cross-functional teams to deliver impact.</p>","pytorch, deep learning, aws, nlp, computer vision, python",Contract,E-commerce,BTech,2025-02-17
383,Data Engineer,PixelForge,Bangalore,Karnataka,India,False,2216135,10,Senior,"We are hiring a Data Engineer. Required skills: docker, python, spark, aws, etl, sql, airflow. Strong leadership and teamwork expected. <p>Work with cross-functional teams to deliver impact.</p>","docker, python, spark, aws, etl, sql, airflow",Contract,E-commerce,Masters,2025-01-02
384,Backend Developer,Quantify Inc,Mumbai,Maharashtra,India,False,2267771,11,Senior,"We are hiring a Backend Developer. Required skills: docker, flask, fastapi, django, python. Strong communication and teamwork expected. <p>Work with cross-functional teams to deliver impact.</p>","docker, flask, fastapi, django, python",Internship,EdTech,Bachelors,2025-03-20
385,Data Analyst,BrightSoft,Remote,Remote,India,True,702934,2,Entry,"We are hiring a Data Analyst. Required skills: tableau, sql, power bi, excel, python, pandas. Strong teamwork and communication expected. <p>Work with cross-functional teams to deliver impact.</p>","tableau, sql, power bi, excel, python, pandas",Full-time,EdTech,MTech,2025-06-23
386,Data Scientist,Acme Corp,Delhi,Delhi,India,False,1480941,5,Mid,"We are hiring a Data Scientist. Required skills: scikit-learn, pandas, sql, numpy, statistics, python, machine learning. Strong problem solving and adaptability expected. <p>Work with cross-functional teams to deliver impact.</p>","scikit-learn, pandas, sql, numpy, statistics, python, machine learning",Contract,E-commerce,MTech,2025-08-12
387,Backend Developer,NimbusTech,Mumbai,Maharashtra,India,False,1444313,3,Mid,"We are hiring a Backend Developer. Required skills: django, fastapi, sql. Strong adaptability and communication expected. <p>Work with cross-functional teams to deliver impact.</p>","django, fastapi, sql",Full-time,Fintech,BTech,2025-05-02
388,Backend Developer,StackWave,Hyderabad,Telangana,India,False,1534567,4,Mid,"We are hiring a Backend Developer. Required skills: python, sql, fastapi, docker, flask. Strong teamwork and adaptability expected. <p>Work with cross-functional teams to deliver impact.</p>","python, sql, fastapi, docker, flask",Full-time,Healthcare,BTech,2025-05-22
389,Frontend Developer,NimbusTech,Bangalore,Karnataka,India,False,2112565,9,Senior,"We are hiring a Frontend Developer. Required skills: typescript, html, react. Strong problem solving and adaptability expected. <p>Work with cross-functional teams to deliver impact.</p>","typescript, html, react",Internship,SaaS,MTech,2025-02-01
390,AI Engineer,StackWave,Remote,Remote,India,True,1573825,6,Mid,"We are hiring a AI Engineer. Required skills: pytorch, computer vision, aws, python, nlp, deep learning. Strong leadership and problem solving expected. <p>Work with cross-functional teams to deliver impact.</p>","pytorch, computer vision, aws, python, nlp, deep learning",Internship,SaaS,MTech,2025-06-27
391,Data Scientist,NimbusTech,Pune,Maharashtra,India,False,933439,2,Entry,"We are hiring a Data Scientist. Required skills: statistics, machine learning, sql, python, pandas. Strong problem solving and teamwork expected. <p>Work with cross-functional teams to deliver impact.</p>","statistics, machine learning, sql, python, pandas",Full-time,E-commerce,BTech,2025-04-18
392,Software Engineer,DataWorks,Chennai,Tamil Nadu,India,False,2302148,9,Senior,"We are hiring a Software Engineer. Required skills: javascript, docker, node.js. Strong adaptability and teamwork expected. <p>Work with cross-functional teams to deliver impact.</p>","javascript, docker, node.js",Internship,E-commerce,BTech,2025-07-31
393,AI Engineer,Quantify Inc,Pune,Maharashtra,India,False,841133,0,Entry,"We are hiring a AI Engineer. Required skills: aws, nlp, python, deep learning, pytorch. Strong leadership and problem solving expected. <p>Work with cross-functional teams to deliver impact.</p>","aws, nlp, python, deep learning, pytorch",Full-time,IT Services,Masters,2025-02-09
394,Backend Developer,Cloudify,Bangalore,Karnataka,India,False,1532811,2,Mid,"We are hiring a Backend Developer. Required skills: django, sql, python, docker. Strong problem solving and adaptability expected. <p>Work with cross-functional teams to deliver impact.</p>","django, sql, python, docker",Full-time,Healthcare,BTech,2025-02-14
395,AI Engineer,Vertex Labs,Pune,Maharashtra,India,False,541432,2,Entry,"We are hiring a AI Engineer. Required skills: aws, python, pytorch. Strong teamwork and communication expected. <p>Work with cross-functional teams to deliver impact.</p>","aws, python, pytorch",Contract,SaaS,Bachelors,2025-01-20
396,Data Analyst,BrightSoft,Delhi,Delhi,India,False,2294698,6,Senior,"We are hiring a Data Analyst. Required skills: statistics, power bi, python, sql, tableau, excel. Strong communication and adaptability expected. <p>Work with cross-functional teams to deliver impact.</p>","statistics, power bi, python, sql, tableau, excel",Contract,SaaS,Bachelors,2025-07-13
397,Data Scientist,BrightSoft,Bangalore,Karnataka,India,False,562627,0,Entry,"We are hiring a Data Scientist. Required skills: statistics, pandas, sql. Strong adaptability and problem solving expected. <p>Work with cross-functional teams to deliver impact.</p>","statistics, pandas, sql",Contract,Fintech,Masters,2025-05-10
398,DevOps Engineer,DataWorks,Hyderabad,Telangana,India,False,2114539,10,Senior,"We are hiring a DevOps Engineer. Required skills: docker, github actions, linux. Strong teamwork and leadership expected. <p>Work with cross-functional teams to deliver impact.</p>","docker, github actions, linux",Contract,SaaS,Masters,2025-04-23
399,Data Scientist,DataWorks,Bangalore,Karnataka,India,False,759546,2,Entry,"We are hiring a Data Scientist. Required skills: sql, numpy, scikit-learn, statistics. Strong leadership and communication expected. <p>Work with cross-functional teams to deliver impact.</p>","sql, numpy, scikit-learn, statistics",Internship,Fintech,MTech,2025-07-15
400,Software Engineer,Quantify Inc,Delhi,Delhi,India,False,1377162,5,Mid,"We are hiring a Software Engineer. Required skills: node.js, git, python, docker, java. Strong teamwork and leadership expected. <p>Work with cross-functional teams to deliver impact.</p>","node.js, git, python, docker, java",Contract,Healthcare,Masters,2025-08-08
401,Data Scientist,DataWorks,Remote,Remote,India,True,2259135,13,Senior,"We are hiring a Data Scientist. Required skills: machine learning, numpy, pandas, python, sql, statistics. Strong teamwork and leadership expected. <p>Work with cross-functional teams to deliver impact.</p>","machine learning, numpy, pandas, python, sql, statistics",Contract,SaaS,Bachelors,2025-07-09
402,ML Engineer,Quantify Inc,Hyderabad,Telangana,India,False,855334,2,Entry,"We are hiring a ML Engineer. Required skills: tensorflow, pytorch, mlops. Strong problem solving and adaptability expected. <p>Work with cross-functional teams to deliver impact.</p>","tensorflow, pytorch, mlops",Internship,Healthcare,BTech,2025-05-02
403,DevOps Engineer,Acme Corp,Hyderabad,Telangana,India,False,611147,1,Entry,"We are hiring a DevOps Engineer. Required skills: jenkins, github actions, aws, docker, kubernetes, linux. Strong communication and adaptability expected. <p>Work with cross-functional teams to deliver impact.</p>","jenkins, github actions, aws, docker, kubernetes, linux",Full-time,Healthcare,Bachelors,2025-02-15
404,BI Analyst,Quantify Inc,Hyderabad,Telangana,India,False,2457823,13,Senior,"We are hiring a BI Analyst. Required skills: tableau, power bi, excel, sql, communication. Strong leadership and problem solving expected. <p>Work with cross-functional teams to deliver impact.</p>","tableau, power bi, excel, sql, communication",Internship,E-commerce,Bachelors,2025-07-15
405,Data Analyst,NimbusTech,Remote,Remote,India,True,1387765,2,Mid,"We are hiring a Data Analyst. Required skills: python, power bi, pandas, excel, sql, tableau. Strong leadership and adaptability expected. <p>Work with cross-functional teams to deliver impact.</p>","python, power bi, pandas, excel, sql, tableau",Full-time,E-commerce,MTech,2025-05-05
406,Data Scientist,BrightSoft,Delhi,Delhi,India,False,1459899,5,Mid,"We are hiring a Data Scientist. Required skills: machine learning, scikit-learn, statistics, sql, pandas, python, numpy. Strong problem solving and communication expected. <p>Work with cross-functional teams to deliver impact.</p>","machine learning, scikit-learn, statistics, sql, pandas, python, numpy",Full-time,EdTech,Bachelors,2025-02-02
407,Software Engineer,PixelForge,Pune,Maharashtra,India,False,1424725,2,Mid,"We are hiring a Software Engineer. Required skills: docker, git, node.js, python, javascript. Strong problem solving and communication expected. <p>Work with cross-functional teams to deliver impact.</p>","docker, git, node.js, python, javascript",Internship,Fintech,Masters,2025-03-02
408,AI Engineer,Acme Corp,Remote,Remote,India,True,751958,1,Entry,"We are hiring a AI Engineer. Required skills: aws, python, nlp. Strong leadership and adaptability expected. <p>Work with cross-functional teams to deliver impact.</p>","aws, python, nlp",Internship,EdTech,MTech,2025-03-10
409,Data Analyst,Cloudify,Bangalore,Karnataka,India,False,1285910,2,Mid,"We are hiring a Data Analyst. Required skills: tableau, python, excel, power bi, statistics, sql. Strong leadership and problem solving expected. <p>Work with cross-functional teams to deliver impact.</p>","tableau, python, excel, power bi, statistics, sql",Full-time,EdTech,BTech,2025-04-04
410,BI Analyst,Vertex Labs,Pune,Maharashtra,India,False,831556,1,Entry,"We are hiring a BI Analyst. Required skills: excel, sql, tableau. Strong adaptability and communication expected. <p>Work with cross-functional teams to deliver impact.</p>","excel, sql, tableau",Internship,EdTech,Bachelors,2025-06-01
411,Software Engineer,PixelForge,Remote,Remote,India,True,764477,1,Entry,"We are hiring a Software Engineer. Required skills: python, node.js, git, react, java. Strong adaptability and problem solving expected. <p>Work with cross-functional teams to deliver impact.</p>","python, node.js, git, react, java",Full-time,Healthcare,MTech,2025-03-06
412,DevOps Engineer,StackWave,Mumbai,Maharashtra,India,False,924793,2,Entry,"We are hiring a DevOps Engineer. Required skills: linux, github actions, kubernetes, docker, aws, jenkins. Strong communication and teamwork expected. <p>Work with cross-functional teams to deliver impact.</p>","linux, github actions, kubernetes, docker, aws, jenkins",Contract,Healthcare,Masters,2025-03-03
413,ML Engineer,NimbusTech,Chennai,Tamil Nadu,India,False,2450988,10,Senior,"We are hiring a ML Engineer. Required skills: mlops, docker, scikit-learn, tensorflow, python. Strong problem solving and teamwork expected. <p>Work with cross-functional teams to deliver impact.</p>","mlops, docker, scikit-learn, tensorflow, python",Contract,Fintech,Bachelors,2025-02-08
414,Data Engineer,Vertex Labs,Mumbai,Maharashtra,India,False,1048801,5,Mid,"We are hiring a Data Engineer. Required skills: sql, spark, airflow. Strong teamwork and problem solving expected. <p>Work with cross-functional teams to deliver impact.</p>","sql, spark, airflow",Full-time,IT Services,BTech,2025-07-22
415,AI Engineer,PixelForge,Pune,Maharashtra,India,False,496670,0,Entry,"We are hiring a AI Engineer. Required skills: aws, python, computer vision, deep learning. Strong problem solving and communication expected. <p>Work with cross-functional teams to deliver impact.</p>","aws, python, computer vision, deep learning",Contract,SaaS,Masters,2025-03-02
416,Data Scientist,Vertex Labs,Chennai,Tamil Nadu,India,False,2598892,11,Senior,"We are hiring a Data Scientist. Required skills: machine learning, statistics, python, numpy, pandas, sql, scikit-learn. Strong leadership and teamwork expected. <p>Work with cross-functional teams to deliver impact.</p>","machine learning, statistics, python, numpy, pandas, sql, scikit-learn",Full-time,IT Services,Masters,2025-02-24
417,AI Engineer,BrightSoft,Mumbai,Maharashtra,India,False,1328313,5,Mid,"We are hiring a AI Engineer. Required skills: computer vision, nlp, python, pytorch, deep learning, aws. Strong teamwork and problem solving expected. <p>Work with cross-functional teams to deliver impact.</p>","computer vision, nlp, python, pytorch, deep learning, aws",Contract,SaaS,BTech,2025-07-30
418,AI Engineer,BrightSoft,Pune,Maharashtra,India,False,2513376,9,Senior,"We are hiring a AI Engineer. Required skills: aws, deep learning, python. Strong problem solving and communication expected. <p>Work with cross-functional teams to deliver impact.</p>","aws, deep learning, python",Internship,Fintech,MTech,2025-04-10
419,Data Analyst,BrightSoft,Chennai,Tamil Nadu,India,False,505527,1,Entry,"We are hiring a Data Analyst. Required skills: excel, statistics, python, sql, power bi, tableau. Strong communication and leadership expected. <p>Work with cross-functional teams to deliver impact.</p>","excel, statistics, python, sql, power bi, tableau",Contract,SaaS,MTech,2025-08-26
420,Software Engineer,Quantify Inc,Mumbai,Maharashtra,India,False,1412641,6,Mid,"We are hiring a Software Engineer. Required skills: docker, python, java, javascript, react, git. Strong communication and adaptability expected. <p>Work with cross-functional teams to deliver impact.</p>","docker, python, java, javascript, react, git",Internship,SaaS,Masters,2025-06-11
421,Frontend Developer,NextGen AI,Hyderabad,Telangana,India,False,1311728,2,Mid,"We are hiring a Frontend Developer. Required skills: react, javascript, html, css, typescript. Strong teamwork and leadership expected. <p>Work with cross-functional teams to deliver impact.</p>","react, javascript, html, css, typescript",Contract,Healthcare,MTech,2025-08-12
422,ML Engineer,PixelForge,Hyderabad,Telangana,India,False,862608,0,Entry,"We are hiring a ML Engineer. Required skills: pytorch, scikit-learn, aws, tensorflow, mlops. Strong adaptability and teamwork expected. <p>Work with cross-functional teams to deliver impact.</p>","pytorch, scikit-learn, aws, tensorflow, mlops",Full-time,IT Services,Masters,2025-08-21
423,Data Scientist,StackWave,Pune,Maharashtra,India,False,2348386,7,Senior,"We are hiring a Data Scientist. Required skills: pandas, numpy, sql, python, statistics, machine learning. Strong communication and adaptability expected. <p>Work with cross-functional teams to deliver impact.</p>","pandas, numpy, sql, python, statistics, machine learning",Internship,EdTech,MTech,2025-07-17
424,Frontend Developer,Vertex Labs,Hyderabad,Telangana,India,False,1502259,5,Mid,"We are hiring a Frontend Developer. Required skills: css, javascript, html, typescript, react. Strong adaptability and teamwork expected. <p>Work with cross-functional teams to deliver impact.</p>","css, javascript, html, typescript, react",Contract,SaaS,Masters,2025-04-18
425,ML Engineer,DataWorks,Remote,Remote,India,True,2650419,11,Senior,"We are hiring a ML Engineer. Required skills: mlops, pytorch, python, tensorflow, scikit-learn, aws. Strong communication and leadership expected. <p>Work with cross-functional teams to deliver impact.</p>","mlops, pytorch, python, tensorflow, scikit-learn, aws",Full-time,E-commerce,MTech,2025-06-25
426,Data Engineer,Cloudify,Hyderabad,Telangana,India,False,2663808,11,Senior,"We are hiring a Data Engineer. Required skills: docker, airflow, aws, spark, python, etl. Strong adaptability and communication expected. <p>Work with cross-functional teams to deliver impact.</p>","docker, airflow, aws, spark, python, etl",Full-time,E-commerce,MTech,2025-03-19
427,BI Analyst,NimbusTech,Pune,Maharashtra,India,False,1540822,6,Mid,"We are hiring a BI Analyst. Required skills: tableau, power bi, communication, sql, excel. Strong communication and problem solving expected. <p>Work with cross-functional teams to deliver impact.</p>","tableau, power bi, communication, sql, excel",Internship,EdTech,MTech,2025-02-06
428,AI Engineer,StackWave,Pune,Maharashtra,India,False,1286002,4,Mid,"We are hiring a AI Engineer. Required skills: nlp, python, pytorch. Strong problem solving and adaptability expected. <p>Work with cross-functional teams to deliver impact.</p>","nlp, python, pytorch",Contract,Fintech,BTech,2025-07-08
429,Frontend Developer,Quantify Inc,Hyderabad,Telangana,India,False,447604,0,Entry,"We are hiring a Frontend Developer. Required skills: html, css, javascript. Strong problem solving and teamwork expected. <p>Work with cross-functional teams to deliver impact.</p>","html, css, javascript",Internship,Healthcare,MTech,2025-01-30
430,Frontend Developer,DataWorks,Bangalore,Karnataka,India,False,2265245,13,Senior,"We are hiring a Frontend Developer. Required skills: css, typescript, html. Strong problem solving and communication expected. <p>Work with cross-functional teams to deliver impact.</p>","css, typescript, html",Full-time,E-commerce,Masters,2025-08-02
431,ML Engineer,Cloudify,Mumbai,Maharashtra,India,False,1188886,3,Mid,"We are hiring a ML Engineer. Required skills: mlops, tensorflow, aws, pytorch, scikit-learn, python, docker. Strong communication and problem solving expected. <p>Work with cross-functional teams to deliver impact.</p>","mlops, tensorflow, aws, pytorch, scikit-learn, python, docker",Internship,SaaS,Bachelors,2025-04-11
432,Software Engineer,Cloudify,Mumbai,Maharashtra,India,False,1096087,4,Mid,"We are hiring a Software Engineer. Required skills: python, javascript, java, docker, react, node.js, git. Strong communication and leadership expected. <p>Work with cross-functional teams to deliver impact.</p>","python, javascript, java, docker, react, node.js, git",Contract,SaaS,Masters,2025-02-24
433,Data Analyst,DataWorks,Chennai,Tamil Nadu,India,False,1468295,3,Mid,"We are hiring a Data Analyst. Required skills: excel, python, pandas, power bi, tableau. Strong communication and teamwork expected. <p>Work with cross-functional teams to deliver impact.</p>","excel, python, pandas, power bi, tableau",Full-time,Healthcare,MTech,2025-03-14
434,ML Engineer,Cloudify,Pune,Maharashtra,India,False,2210780,8,Senior,"We are hiring a ML Engineer. Required skills: tensorflow, docker, scikit-learn. Strong adaptability and teamwork expected. <p>Work with cross-functional teams to deliver impact.</p>","tensorflow, docker, scikit-learn",Contract,Healthcare,MTech,2025-05-02
435,AI Engineer,Quantify Inc,Remote,Remote,India,True,2528345,6,Senior,"We are hiring a AI Engineer. Required skills: python, computer vision, nlp, deep learning, aws, pytorch. Strong teamwork and adaptability expected. <p>Work with cross-functional teams to deliver impact.</p>","python, computer vision, nlp, deep learning, aws, pytorch",Contract,EdTech,Bachelors,2025-03-16
436,Frontend Developer,BrightSoft,Remote,Remote,India,True,878509,2,Entry,"We are hiring a Frontend Developer. Required skills: javascript, css, react, html. Strong adaptability and communication expected. <p>Work with cross-functional teams to deliver impact.</p>","javascript, css, react, html",Internship,IT Services,Bachelors,2025-05-12
437,Data Scientist,Quantify Inc,Bangalore,Karnataka,India,False,1209470,2,Mid,"We are hiring a Data Scientist. Required skills: scikit-learn, sql, python, machine learning, numpy, pandas, statistics. Strong teamwork and adaptability expected. <p>Work with cross-functional teams to deliver impact.</p>","scikit-learn, sql, python, machine learning, numpy, pandas, statistics",Contract,IT Services,Bachelors,2025-04-17
438,AI Engineer,DataWorks,Bangalore,Karnataka,India,False,1321914,3,Mid,"We are hiring a AI Engineer. Required skills: deep learning, computer vision, aws, nlp, pytorch. Strong leadership and communication expected. <p>Work with cross-functional teams to deliver impact.</p>","deep learning, computer vision, aws, nlp, pytorch",Full-time,Healthcare,Bachelors,2025-01-04
439,ML Engineer,NimbusTech,Bangalore,Karnataka,India,False,2301165,10,Senior,"We are hiring a ML Engineer. Required skills: docker, scikit-learn, mlops, aws, pytorch, tensorflow. Strong communication and teamwork expected. <p>Work with cross-functional teams to deliver impact.</p>","docker, scikit-learn, mlops, aws, pytorch, tensorflow",Full-time,IT Services,Masters,2025-08-08
440,Data Analyst,Quantify Inc,Bangalore,Karnataka,India,False,1345535,6,Mid,"We are hiring a Data Analyst. Required skills: power bi, pandas, sql, tableau. Strong teamwork and leadership expected. <p>Work with cross-functional teams to deliver impact.</p>","power bi, pandas, sql, tableau",Contract,IT Services,Bachelors,2025-02-12
441,ML Engineer,Acme Corp,Bangalore,Karnataka,India,False,820067,1,Entry,"We are hiring a ML Engineer. Required skills: docker, mlops, python, scikit-learn, tensorflow, aws. Strong communication and leadership expected. <p>Work with cross-functional teams to deliver impact.</p>","docker, mlops, python, scikit-learn, tensorflow, aws",Contract,Healthcare,BTech,2025-01-10
442,Frontend Developer,BrightSoft,Pune,Maharashtra,India,False,2196595,15,Senior,"We are hiring a Frontend Developer. Required skills: css, html, javascript, typescript. Strong leadership and adaptability expected. <p>Work with cross-functional teams to deliver impact.</p>","css, html, javascript, typescript",Full-time,Healthcare,BTech,2025-04-25
443,BI Analyst,Vertex Labs,Hyderabad,Telangana,India,False,942294,1,Entry,"We are hiring a BI Analyst. Required skills: power bi, tableau, excel. Strong adaptability and problem solving expected. <p>Work with cross-functional teams to deliver impact.</p>","power bi, tableau, excel",Internship,SaaS,MTech,2025-02-03
444,AI Engineer,Vertex Labs,Hyderabad,Telangana,India,False,2351708,13,Senior,"We are hiring a AI Engineer. Required skills: computer vision, nlp, aws, python, deep learning, pytorch. Strong teamwork and leadership expected. <p>Work with cross-functional teams to deliver impact.</p>","computer vision, nlp, aws, python, deep learning, pytorch",Full-time,Healthcare,MTech,2025-03-19
445,Data Engineer,Acme Corp,Chennai,Tamil Nadu,India,False,1557935,3,Mid,"We are hiring a Data Engineer. Required skills: aws, python, docker, spark. Strong communication and problem solving expected. <p>Work with cross-functional teams to deliver impact.</p>","aws, python, docker, spark",Contract,IT Services,Masters,2025-01-31
446,Backend Developer,StackWave,Chennai,Tamil Nadu,India,False,970422,2,Entry,"We are hiring a Backend Developer. Required skills: fastapi, flask, sql, django. Strong communication and adaptability expected. <p>Work with cross-functional teams to deliver impact.</p>","fastapi, flask, sql, django",Contract,Healthcare,Bachelors,2025-01-28
447,DevOps Engineer,BrightSoft,Pune,Maharashtra,India,False,574660,2,Entry,"We are hiring a DevOps Engineer. Required skills: github actions, docker, linux. Strong leadership and adaptability expected. <p>Work with cross-functional teams to deliver impact.</p>","github actions, docker, linux",Internship,IT Services,Masters,2025-06-15
448,Software Engineer,NextGen AI,Pune,Maharashtra,India,False,1350687,3,Mid,"We are hiring a Software Engineer. Required skills: docker, java, python, git, react. Strong teamwork and communication expected. <p>Work with cross-functional teams to deliver impact.</p>","docker, java, python, git, react",Contract,E-commerce,MTech,2025-04-03
449,Data Engineer,Cloudify,Delhi,Delhi,India,False,971228,1,Entry,"We are hiring a Data Engineer. Required skills: etl, aws, airflow, sql. Strong communication and leadership expected. <p>Work with cross-functional teams to deliver impact.</p>","etl, aws, airflow, sql",Full-time,IT Services,Bachelors,2025-01-22
450,Software Engineer,BrightSoft,Bangalore,Karnataka,India,False,995027,2,Entry,"We are hiring a Software Engineer. Required skills: react, java, docker, python, git. Strong leadership and adaptability expected. <p>Work with cross-functional teams to deliver impact.</p>","react, java, docker, python, git",Internship,SaaS,BTech,2025-07-04
451,Software Engineer,Cloudify,Remote,Remote,India,True,1513621,3,Mid,"We are hiring a Software Engineer. Required skills: python, javascript, node.js, java, git. Strong leadership and teamwork expected. <p>Work with cross-functional teams to deliver impact.</p>","python, javascript, node.js, java, git",Contract,IT Services,Bachelors,2025-05-18
452,Software Engineer,Acme Corp,Pune,Maharashtra,India,False,2337800,14,Senior,"We are hiring a Software Engineer. Required skills: git, docker, java, javascript, python, react. Strong communication and problem solving expected. <p>Work with cross-functional teams to deliver impact.</p>","git, docker, java, javascript, python, react",Full-time,E-commerce,MTech,2025-05-10
453,Data Scientist,Quantify Inc,Bangalore,Karnataka,India,False,2240809,7,Senior,"We are hiring a Data Scientist. Required skills: sql, numpy, machine learning. Strong problem solving and communication expected. <p>Work with cross-functional teams to deliver impact.</p>","sql, numpy, machine learning",Contract,E-commerce,Masters,2025-07-26
454,DevOps Engineer,DataWorks,Remote,Remote,India,True,2389662,12,Senior,"We are hiring a DevOps Engineer. Required skills: aws, linux, github actions, jenkins. Strong problem solving and teamwork expected. <p>Work with cross-functional teams to deliver impact.</p>","aws, linux, github actions, jenkins",Contract,Healthcare,Bachelors,2025-02-07
455,BI Analyst,NextGen AI,Bangalore,Karnataka,India,False,817233,1,Entry,"We are hiring a BI Analyst. Required skills: sql, communication, excel, power bi. Strong leadership and adaptability expected. <p>Work with cross-functional teams to deliver impact.</p>","sql, communication, excel, power bi",Contract,EdTech,MTech,2025-06-12
456,BI Analyst,NextGen AI,Hyderabad,Telangana,India,False,2668113,13,Senior,"We are hiring a BI Analyst. Required skills: excel, communication, sql, tableau. Strong communication and teamwork expected. <p>Work with cross-functional teams to deliver impact.</p>","excel, communication, sql, tableau",Contract,Healthcare,Bachelors,2025-07-11
457,ML Engineer,Cloudify,Hyderabad,Telangana,India,False,2313461,14,Senior,"We are hiring a ML Engineer. Required skills: tensorflow, python, aws, docker, scikit-learn, mlops, pytorch. Strong problem solving and adaptability expected. <p>Work with cross-functional teams to deliver impact.</p>","tensorflow, python, aws, docker, scikit-learn, mlops, pytorch",Contract,E-commerce,MTech,2025-01-08
458,ML Engineer,Acme Corp,Chennai,Tamil Nadu,India,False,1542537,3,Mid,"We are hiring a ML Engineer. Required skills: mlops, aws, docker, python. Strong communication and problem solving expected. <p>Work with cross-functional teams to deliver impact.</p>","mlops, aws, docker, python",Full-time,IT Services,MTech,2025-05-04
459,DevOps Engineer,Quantify Inc,Remote,Remote,India,True,2633326,8,Senior,"We are hiring a DevOps Engineer. Required skills: github actions, jenkins, aws, kubernetes, linux. Strong leadership and teamwork expected. <p>Work with cross-functional teams to deliver impact.</p>","github actions, jenkins, aws, kubernetes, linux",Internship,E-commerce,Bachelors,2025-07-24
460,DevOps Engineer,StackWave,Mumbai,Maharashtra,India,False,2196008,8,Senior,"We are hiring a DevOps Engineer. Required skills: jenkins, kubernetes, linux, github actions, docker, aws. Strong problem solving and communication expected. <p>Work with cross-functional teams to deliver impact.</p>","jenkins, kubernetes, linux, github actions, docker, aws",Internship,EdTech,Bachelors,2025-02-19
461,DevOps Engineer,Acme Corp,Mumbai,Maharashtra,India,False,1198474,2,Mid,"We are hiring a DevOps Engineer. Required skills: github actions, linux, kubernetes. Strong problem solving and teamwork expected. <p>Work with cross-functional teams to deliver impact.</p>","github actions, linux, kubernetes",Full-time,SaaS,MTech,2025-01-22
462,Backend Developer,PixelForge,Bangalore,Karnataka,India,False,1382799,3,Mid,"We are hiring a Backend Developer. Required skills: fastapi, sql, python, django, docker. Strong problem solving and communication expected. <p>Work with cross-functional teams to deliver impact.</p>","fastapi, sql, python, django, docker",Full-time,IT Services,Masters,2025-03-15
463,ML Engineer,NimbusTech,Remote,Remote,India,True,1371092,3,Mid,"We are hiring a ML Engineer. Required skills: tensorflow, python, pytorch, mlops. Strong communication and adaptability expected. <p>Work with cross-functional teams to deliver impact.</p>","tensorflow, python, pytorch, mlops",Contract,Healthcare,Bachelors,2025-03-23
464,ML Engineer,NextGen AI,Delhi,Delhi,India,False,1003328,2,Entry,"We are hiring a ML Engineer. Required skills: tensorflow, mlops, docker, python, aws, scikit-learn. Strong leadership and communication expected. <p>Work with cross-functional teams to deliver impact.</p>","tensorflow, mlops, docker, python, aws, scikit-learn",Contract,IT Services,BTech,2025-04-29
465,Backend Developer,BrightSoft,Hyderabad,Telangana,India,False,1201671,6,Mid,"We are hiring a Backend Developer. Required skills: python, fastapi, docker, django, sql, flask. Strong adaptability and leadership expected. <p>Work with cross-functional teams to deliver impact.</p>","python, fastapi, docker, django, sql, flask",Contract,IT Services,Masters,2025-07-20
466,ML Engineer,NimbusTech,Chennai,Tamil Nadu,India,False,1353300,2,Mid,"We are hiring a ML Engineer. Required skills: aws, pytorch, scikit-learn, docker, tensorflow. Strong communication and adaptability expected. <p>Work with cross-functional teams to deliver impact.</p>","aws, pytorch, scikit-learn, docker, tensorflow",Contract,E-commerce,BTech,2025-08-03
467,BI Analyst,PixelForge,Pune,Maharashtra,India,False,2224073,7,Senior,"We are hiring a BI Analyst. Required skills: power bi, tableau, sql, excel. Strong communication and teamwork expected. <p>Work with cross-functional teams to deliver impact.</p>","power bi, tableau, sql, excel",Internship,EdTech,BTech,2025-08-13
468,BI Analyst,Cloudify,Pune,Maharashtra,India,False,1267874,4,Mid,"We are hiring a BI Analyst. Required skills: communication, tableau, excel. Strong problem solving and teamwork expected. <p>Work with cross-functional teams to deliver impact.</p>","communication, tableau, excel",Contract,EdTech,BTech,2025-01-05
469,ML Engineer,PixelForge,Remote,Remote,India,True,922729,2,Entry,"We are hiring a ML Engineer. Required skills: aws, docker, python. Strong adaptability and communication expected. <p>Work with cross-functional teams to deliver impact.</p>","aws, docker, python",Internship,SaaS,Bachelors,2025-05-18
470,Data Analyst,Vertex Labs,Delhi,Delhi,India,False,1458477,2,Mid,"We are hiring a Data Analyst. Required skills: pandas, python, excel, power bi, tableau, sql. Strong leadership and communication expected. <p>Work with cross-functional teams to deliver impact.</p>","pandas, python, excel, power bi, tableau, sql",Full-time,SaaS,Bachelors,2025-07-14
471,AI Engineer,StackWave,Pune,Maharashtra,India,False,966777,1,Entry,"We are hiring a AI Engineer. Required skills: pytorch, python, nlp, computer vision, deep learning. Strong teamwork and communication expected. <p>Work with cross-functional teams to deliver impact.</p>","pytorch, python, nlp, computer vision, deep learning",Full-time,SaaS,MTech,2025-01-29
472,AI Engineer,NextGen AI,Pune,Maharashtra,India,False,2409038,8,Senior,"We are hiring a AI Engineer. Required skills: pytorch, deep learning, aws, nlp, python, computer vision. Strong problem solving and teamwork expected. <p>Work with cross-functional teams to deliver impact.</p>","pytorch, deep learning, aws, nlp, python, computer vision",Internship,IT Services,BTech,2025-06-24
473,Backend Developer,NextGen AI,Delhi,Delhi,India,False,1449030,6,Mid,"We are hiring a Backend Developer. Required skills: python, fastapi, docker, django, flask, sql. Strong communication and teamwork expected. <p>Work with cross-functional teams to deliver impact.</p>","python, fastapi, docker, django, flask, sql",Full-time,E-commerce,MTech,2025-05-17
474,Frontend Developer,DataWorks,Mumbai,Maharashtra,India,False,874407,2,Entry,"We are hiring a Frontend Developer. Required skills: javascript, css, html, react. Strong teamwork and adaptability expected. <p>Work with cross-functional teams to deliver impact.</p>","javascript, css, html, react",Full-time,E-commerce,BTech,2025-01-17
475,Data Scientist,Quantify Inc,Hyderabad,Telangana,India,False,2223079,10,Senior,"We are hiring a Data Scientist. Required skills: scikit-learn, sql, python. Strong teamwork and problem solving expected. <p>Work with cross-functional teams to deliver impact.</p>","scikit-learn, sql, python",Full-time,E-commerce,Masters,2025-01-19
476,DevOps Engineer,Acme Corp,Bangalore,Karnataka,India,False,1533385,2,Mid,"We are hiring a DevOps Engineer. Required skills: docker, jenkins, linux, github actions, aws, kubernetes. Strong problem solving and leadership expected. <p>Work with cross-functional teams to deliver impact.</p>","docker, jenkins, linux, github actions, aws, kubernetes",Full-time,IT Services,Bachelors,2025-05-24
477,Data Analyst,PixelForge,Bangalore,Karnataka,India,False,1525436,6,Mid,"We are hiring a Data Analyst. Required skills: statistics, power bi, pandas, python, excel. Strong leadership and adaptability expected. <p>Work with cross-functional teams to deliver impact.</p>","statistics, power bi, pandas, python, excel",Internship,EdTech,Bachelors,2025-03-28
478,Data Analyst,StackWave,Chennai,Tamil Nadu,India,False,673019,2,Entry,"We are hiring a Data Analyst. Required skills: tableau, excel, statistics, sql, python, pandas. Strong teamwork and problem solving expected. <p>Work with cross-functional teams to deliver impact.</p>","tableau, excel, statistics, sql, python, pandas",Contract,Healthcare,MTech,2025-07-05
479,DevOps Engineer,BrightSoft,Mumbai,Maharashtra,India,False,1445121,5,Mid,"We are hiring a DevOps Engineer. Required skills: kubernetes, linux, github actions, docker, aws, jenkins. Strong adaptability and teamwork expected. <p>Work with cross-functional teams to deliver impact.</p>","kubernetes, linux, github actions, docker, aws, jenkins",Full-time,Healthcare,BTech,2025-06-04
480,Software Engineer,Vertex Labs,Delhi,Delhi,India,False,810517,2,Entry,"We are hiring a Software Engineer. Required skills: javascript, python, node.js, java, git. Strong teamwork and adaptability expected. <p>Work with cross-functional teams to deliver impact.</p>","javascript, python, node.js, java, git",Full-time,E-commerce,Masters,2025-06-20
481,Frontend Developer,Quantify Inc,Delhi,Delhi,India,False,1094241,3,Mid,"We are hiring a Frontend Developer. Required skills: css, typescript, html, react, javascript. Strong teamwork and communication expected. <p>Work with cross-functional teams to deliver impact.</p>","css, typescript, html, react, javascript",Internship,Fintech,Masters,2025-04-30
482,DevOps Engineer,Cloudify,Chennai,Tamil Nadu,India,False,1037052,5,Mid,"We are hiring a DevOps Engineer. Required skills: kubernetes, jenkins, aws, github actions. Strong communication and adaptability expected. <p>Work with cross-functional teams to deliver impact.</p>","kubernetes, jenkins, aws, github actions",Contract,IT Services,Bachelors,2025-02-06
483,AI Engineer,Cloudify,Pune,Maharashtra,India,False,652750,1,Entry,"We are hiring a AI Engineer. Required skills: pytorch, deep learning, nlp, python, computer vision, aws. Strong adaptability and teamwork expected. <p>Work with cross-functional teams to deliver impact.</p>","pytorch, deep learning, nlp, python, computer vision, aws",Full-time,Fintech,Bachelors,2025-02-15
484,AI Engineer,Vertex Labs,Pune,Maharashtra,India,False,2588364,9,Senior,"We are hiring a AI Engineer. Required skills: python, pytorch, computer vision. Strong problem solving and adaptability expected. <p>Work with cross-functional teams to deliver impact.</p>","python, pytorch, computer vision",Internship,Fintech,MTech,2025-08-13
485,Data Scientist,Vertex Labs,Pune,Maharashtra,India,False,860405,2,Entry,"We are hiring a Data Scientist. Required skills: pandas, sql, machine learning. Strong communication and teamwork expected. <p>Work with cross-functional teams to deliver impact.</p>","pandas, sql, machine learning",Internship,E-commerce,Masters,2025-03-25
486,Data Engineer,Quantify Inc,Mumbai,Maharashtra,India,False,2195362,9,Senior,"We are hiring a Data Engineer. Required skills: docker, spark, sql. Strong adaptability and communication expected. <p>Work with cross-functional teams to deliver impact.</p>","docker, spark, sql",Full-time,EdTech,MTech,2025-07-12
487,Backend Developer,Quantify Inc,Mumbai,Maharashtra,India,False,2668827,13,Senior,"We are hiring a Backend Developer. Required skills: fastapi, sql, docker, python, django. Strong problem solving and leadership expected. <p>Work with cross-functional teams to deliver impact.</p>","fastapi, sql, docker, python, django",Internship,EdTech,Bachelors,2025-02-23
488,Data Engineer,BrightSoft,Hyderabad,Telangana,India,False,1422279,5,Mid,"We are hiring a Data Engineer. Required skills: airflow, sql, etl, docker. Strong adaptability and communication expected. <p>Work with cross-functional teams to deliver impact.</p>","airflow, sql, etl, docker",Full-time,IT Services,BTech,2025-04-24
489,Backend Developer,Quantify Inc,Delhi,Delhi,India,False,1435364,5,Mid,"We are hiring a Backend Developer. Required skills: django, sql, python, docker, flask. Strong problem solving and adaptability expected. <p>Work with cross-functional teams to deliver impact.</p>","django, sql, python, docker, flask",Contract,IT Services,Masters,2025-04-24
490,Data Engineer,Vertex Labs,Chennai,Tamil Nadu,India,False,2439852,7,Senior,"We are hiring a Data Engineer. Required skills: docker, python, spark, etl, sql. Strong communication and adaptability expected. <p>Work with cross-functional teams to deliver impact.</p>","docker, python, spark, etl, sql",Full-time,E-commerce,Bachelors,2025-05-20
491,Data Engineer,NextGen AI,Mumbai,Maharashtra,India,False,2294562,9,Senior,"We are hiring a Data Engineer. Required skills: sql, docker, spark, aws, etl. Strong problem solving and communication expected. <p>Work with cross-functional teams to deliver impact.</p>","sql, docker, spark, aws, etl",Contract,E-commerce,BTech,2025-07-20
492,BI Analyst,NextGen AI,Delhi,Delhi,India,False,1275076,3,Mid,"We are hiring a BI Analyst. Required skills: communication, sql, power bi, excel. Strong adaptability and leadership expected. <p>Work with cross-functional teams to deliver impact.</p>","communication, sql, power bi, excel",Internship,Healthcare,BTech,2025-07-22
493,Data Scientist,StackWave,Pune,Maharashtra,India,False,1195699,6,Mid,"We are hiring a Data Scientist. Required skills: sql, pandas, scikit-learn, statistics, python. Strong teamwork and problem solving expected. <p>Work with cross-functional teams to deliver impact.</p>","sql, pandas, scikit-learn, statistics, python",Internship,IT Services,MTech,2025-07-27
494,Software Engineer,NimbusTech,Bangalore,Karnataka,India,False,2183773,15,Senior,"We are hiring a Software Engineer. Required skills: java, react, git, node.js, javascript. Strong teamwork and problem solving expected. <p>Work with cross-functional teams to deliver impact.</p>","java, react, git, node.js, javascript",Internship,SaaS,MTech,2025-04-08
495,Data Engineer,DataWorks,Bangalore,Karnataka,India,False,1249750,5,Mid,"We are hiring a Data Engineer. Required skills: python, aws, airflow, sql, docker, etl. Strong adaptability and teamwork expected. <p>Work with cross-functional teams to deliver impact.</p>","python, aws, airflow, sql, docker, etl",Full-time,SaaS,MTech,2025-01-07
496,ML Engineer,Cloudify,Delhi,Delhi,India,False,490244,1,Entry,"We are hiring a ML Engineer. Required skills: python, docker, tensorflow, pytorch. Strong adaptability and communication expected. <p>Work with cross-functional teams to deliver impact.</p>","python, docker, tensorflow, pytorch",Full-time,E-commerce,MTech,2025-04-11
497,ML Engineer,NimbusTech,Chennai,Tamil Nadu,India,False,1226509,2,Mid,"We are hiring a ML Engineer. Required skills: pytorch, aws, docker. Strong teamwork and problem solving expected. <p>Work with cross-functional teams to deliver impact.</p>","pytorch, aws, docker",Contract,SaaS,MTech,2025-02-10
498,DevOps Engineer,StackWave,Chennai,Tamil Nadu,India,False,868630,0,Entry,"We are hiring a DevOps Engineer. Required skills: github actions, kubernetes, jenkins, linux, docker. Strong teamwork and problem solving expected. <p>Work with cross-functional teams to deliver impact.</p>","github actions, kubernetes, jenkins, linux, docker",Internship,Healthcare,MTech,2025-04-29
499,DevOps Engineer,PixelForge,Delhi,Delhi,India,False,2293633,10,Senior,"We are hiring a DevOps Engineer. Required skills: linux, docker, aws. Strong teamwork and adaptability expected. <p>Work with cross-functional teams to deliver impact.</p>","linux, docker, aws",Internship,SaaS,MTech,2025-04-28
500,BI Analyst,Vertex Labs,Mumbai,Maharashtra,India,False,519986,1,Entry,"We are hiring a BI Analyst. Required skills: power bi, sql, communication, excel, tableau. Strong leadership and adaptability expected. <p>Work with cross-functional teams to deliver impact.</p>","power bi, sql, communication, excel, tableau",Internship,IT Services,BTech,2025-01-20
501,Data Scientist,PixelForge,Bangalore,Karnataka,India,False,2674341,6,Senior,"We are hiring a Data Scientist. Required skills: sql, numpy, scikit-learn, statistics, python, pandas, machine learning. Strong problem solving and leadership expected. <p>Work with cross-functional teams to deliver impact.</p>","sql, numpy, scikit-learn, statistics, python, pandas, machine learning",Full-time,Healthcare,Bachelors,2025-01-03
502,AI Engineer,DataWorks,Delhi,Delhi,India,False,2181551,13,Senior,"We are hiring a AI Engineer. Required skills: aws, pytorch, nlp. Strong adaptability and teamwork expected. <p>Work with cross-functional teams to deliver impact.</p>","aws, pytorch, nlp",Internship,Healthcare,Masters,2025-05-01
503,AI Engineer,Acme Corp,Hyderabad,Telangana,India,False,1111354,6,Mid,"We are hiring a AI Engineer. Required skills: pytorch, python, deep learning, computer vision. Strong problem solving and teamwork expected. <p>Work with cross-functional teams to deliver impact.</p>","pytorch, python, deep learning, computer vision",Contract,E-commerce,Masters,2025-02-25
504,Data Analyst,Vertex Labs,Chennai,Tamil Nadu,India,False,885727,2,Entry,"We are hiring a Data Analyst. Required skills: sql, power bi, python, tableau, statistics, excel, pandas. Strong teamwork and problem solving expected. <p>Work with cross-functional teams to deliver impact.</p>","sql, power bi, python, tableau, statistics, excel, pandas",Full-time,Fintech,Bachelors,2025-01-05
505,BI Analyst,NimbusTech,Bangalore,Karnataka,India,False,2286037,9,Senior,"We are hiring a BI Analyst. Required skills: sql, tableau, communication. Strong communication and leadership expected. <p>Work with cross-functional teams to deliver impact.</p>","sql, tableau, communication",Internship,IT Services,BTech,2025-03-24
506,Backend Developer,NimbusTech,Pune,Maharashtra,India,False,769075,0,Entry,"We are hiring a Backend Developer. Required skills: sql, django, fastapi, docker. Strong communication and leadership expected. <p>Work with cross-functional teams to deliver impact.</p>","sql, django, fastapi, docker",Internship,E-commerce,Bachelors,2025-04-10
507,Data Engineer,NextGen AI,Delhi,Delhi,India,False,576759,1,Entry,"We are hiring a Data Engineer. Required skills: sql, python, spark, aws, docker, airflow. Strong adaptability and teamwork expected. <p>Work with cross-functional teams to deliver impact.</p>","sql, python, spark, aws, docker, airflow",Contract,IT Services,BTech,2025-06-11
508,BI Analyst,PixelForge,Remote,Remote,India,True,920717,1,Entry,"We are hiring a BI Analyst. Required skills: power bi, tableau, sql, communication, excel. Strong adaptability and teamwork expected. <p>Work with cross-functional teams to deliver impact.</p>","power bi, tableau, sql, communication, excel",Internship,EdTech,Bachelors,2025-03-01
509,Data Analyst,BrightSoft,Pune,Maharashtra,India,False,2712952,8,Senior,"We are hiring a Data Analyst. Required skills: statistics, python, excel, sql, tableau, power bi, pandas. Strong teamwork and adaptability expected. <p>Work with cross-functional teams to deliver impact.</p>","statistics, python, excel, sql, tableau, power bi, pandas",Contract,Fintech,Bachelors,2025-03-02
510,DevOps Engineer,Cloudify,Hyderabad,Telangana,India,False,2517362,6,Senior,"We are hiring a DevOps Engineer. Required skills: linux, aws, kubernetes, jenkins, github actions, docker. Strong teamwork and adaptability expected. <p>Work with cross-functional teams to deliver impact.</p>","linux, aws, kubernetes, jenkins, github actions, docker",Internship,IT Services,Masters,2025-07-25
511,Data Engineer,Vertex Labs,Bangalore,Karnataka,India,False,638407,1,Entry,"We are hiring a Data Engineer. Required skills: etl, airflow, aws, spark, python, sql, docker. Strong teamwork and communication expected. <p>Work with cross-functional teams to deliver impact.</p>","etl, airflow, aws, spark, python, sql, docker",Full-time,EdTech,Masters,2025-03-02
512,Backend Developer,StackWave,Delhi,Delhi,India,False,595006,2,Entry,"We are hiring a Backend Developer. Required skills: fastapi, docker, flask. Strong teamwork and problem solving expected. <p>Work with cross-functional teams to deliver impact.</p>","fastapi, docker, flask",Contract,EdTech,MTech,2025-06-12
513,Data Engineer,StackWave,Delhi,Delhi,India,False,1579837,5,Mid,"We are hiring a Data Engineer. Required skills: etl, airflow, python, spark, sql. Strong leadership and teamwork expected. <p>Work with cross-functional teams to deliver impact.</p>","etl, airflow, python, spark, sql",Contract,IT Services,MTech,2025-04-20
514,Data Scientist,NextGen AI,Pune,Maharashtra,India,False,1443370,4,Mid,"We are hiring a Data Scientist. Required skills: statistics, sql, pandas, machine learning, scikit-learn. Strong adaptability and leadership expected. <p>Work with cross-functional teams to deliver impact.</p>","statistics, sql, pandas, machine learning, scikit-learn",Full-time,E-commerce,Masters,2025-07-03
515,Frontend Developer,PixelForge,Delhi,Delhi,India,False,846019,2,Entry,"We are hiring a Frontend Developer. Required skills: react, html, javascript. Strong problem solving and leadership expected. <p>Work with cross-functional teams to deliver impact.</p>","react, html, javascript",Contract,E-commerce,Bachelors,2025-04-15
516,Data Analyst,Cloudify,Remote,Remote,India,True,922357,1,Entry,"We are hiring a Data Analyst. Required skills: power bi, tableau, sql. Strong communication and leadership expected. <p>Work with cross-functional teams to deliver impact.</p>","power bi, tableau, sql",Contract,SaaS,Masters,2025-03-04
517,Frontend Developer,NimbusTech,Remote,Remote,India,True,2587595,10,Senior,"We are hiring a Frontend Developer. Required skills: typescript, javascript, html. Strong problem solving and teamwork expected. <p>Work with cross-functional teams to deliver impact.</p>","typescript, javascript, html",Internship,EdTech,Masters,2025-01-04
518,Data Scientist,PixelForge,Remote,Remote,India,True,1207995,6,Mid,"We are hiring a Data Scientist. Required skills: machine learning, sql, scikit-learn. Strong teamwork and leadership expected. <p>Work with cross-functional teams to deliver impact.</p>","machine learning, sql, scikit-learn",Contract,SaaS,BTech,2025-05-09
519,Backend Developer,PixelForge,Pune,Maharashtra,India,False,2389703,8,Senior,"We are hiring a Backend Developer. Required skills: sql, flask, fastapi, docker, python, django. Strong problem solving and communication expected. <p>Work with cross-functional teams to deliver impact.</p>","sql, flask, fastapi, docker, python, django",Full-time,Healthcare,Bachelors,2025-01-25
520,Data Scientist,NextGen AI,Delhi,Delhi,India,False,1260824,3,Mid,"We are hiring a Data Scientist. Required skills: statistics, scikit-learn, numpy, machine learning, python, sql. Strong communication and leadership expected. <p>Work with cross-functional teams to deliver impact.</p>","statistics, scikit-learn, numpy, machine learning, python, sql",Internship,Fintech,Masters,2025-02-21
521,Data Analyst,DataWorks,Chennai,Tamil Nadu,India,False,1204195,6,Mid,"We are hiring a Data Analyst. Required skills: statistics, sql, excel, power bi. Strong problem solving and communication expected. <p>Work with cross-functional teams to deliver impact.</p>","statistics, sql, excel, power bi",Contract,IT Services,BTech,2025-01-17
522,Software Engineer,Acme Corp,Bangalore,Karnataka,India,False,1289005,2,Mid,"We are hiring a Software Engineer. Required skills: node.js, java, react. Strong adaptability and communication expected. <p>Work with cross-functional teams to deliver impact.</p>","node.js, java, react",Full-time,Fintech,Bachelors,2025-04-07
523,DevOps Engineer,Cloudify,Chennai,Tamil Nadu,India,False,1301235,4,Mid,"We are hiring a DevOps Engineer. Required skills: jenkins, linux, aws, github actions, kubernetes. Strong leadership and adaptability expected. <p>Work with cross-functional teams to deliver impact.</p>","jenkins, linux, aws, github actions, kubernetes",Internship,IT Services,BTech,2025-08-12
524,Software Engineer,Vertex Labs,Bangalore,Karnataka,India,False,2403042,15,Senior,"We are hiring a Software Engineer. Required skills: python, react, git. Strong problem solving and leadership expected. <p>Work with cross-functional teams to deliver impact.</p>","python, react, git",Internship,SaaS,MTech,2025-05-12
525,BI Analyst,Vertex Labs,Mumbai,Maharashtra,India,False,2615888,11,Senior,"We are hiring a BI Analyst. Required skills: power bi, sql, tableau, communication, excel. Strong adaptability and leadership expected. <p>Work with cross-functional teams to deliver impact.</p>","power bi, sql, tableau, communication, excel",Contract,SaaS,Bachelors,2025-03-31
526,BI Analyst,Acme Corp,Chennai,Tamil Nadu,India,False,2659149,15,Senior,"We are hiring a BI Analyst. Required skills: sql, excel, power bi, communication. Strong teamwork and leadership expected. <p>Work with cross-functional teams to deliver impact.</p>","sql, excel, power bi, communication",Full-time,E-commerce,MTech,2025-02-13
527,Frontend Developer,NimbusTech,Delhi,Delhi,India,False,440641,0,Entry,"We are hiring a Frontend Developer. Required skills: css, react, javascript. Strong problem solving and leadership expected. <p>Work with cross-functional teams to deliver impact.</p>","css, react, javascript",Contract,Fintech,BTech,2025-06-20
528,Frontend Developer,Cloudify,Chennai,Tamil Nadu,India,False,2217808,15,Senior,"We are hiring a Frontend Developer. Required skills: javascript, react, typescript, css, html. Strong leadership and adaptability expected. <p>Work with cross-functional teams to deliver impact.</p>","javascript, react, typescript, css, html",Internship,SaaS,MTech,2025-07-26
529,Data Engineer,StackWave,Hyderabad,Telangana,India,False,551746,0,Entry,"We are hiring a Data Engineer. Required skills: spark, python, etl, docker. Strong problem solving and teamwork expected. <p>Work with cross-functional teams to deliver impact.</p>","spark, python, etl, docker",Contract,Healthcare,Bachelors,2025-03-21
530,Data Analyst,PixelForge,Hyderabad,Telangana,India,False,2301763,15,Senior,"We are hiring a Data Analyst. Required skills: tableau, sql, power bi, statistics, pandas, excel, python. Strong communication and leadership expected. <p>Work with cross-functional teams to deliver impact.</p>","tableau, sql, power bi, statistics, pandas, excel, python",Contract,Fintech,BTech,2025-08-03
531,Data Engineer,BrightSoft,Mumbai,Maharashtra,India,False,2299461,14,Senior,"We are hiring a Data Engineer. Required skills: docker, airflow, sql, spark, python, etl. Strong adaptability and leadership expected. <p>Work with cross-functional teams to deliver impact.</p>","docker, airflow, sql, spark, python, etl",Internship,Fintech,MTech,2025-03-16
532,BI Analyst,Quantify Inc,Chennai,Tamil Nadu,India,False,597716,2,Entry,"We are hiring a BI Analyst. Required skills: tableau, power bi, communication. Strong leadership and problem solving expected. <p>Work with cross-functional teams to deliver impact.</p>","tableau, power bi, communication",Internship,Fintech,Bachelors,2025-05-21
533,BI Analyst,NextGen AI,Pune,Maharashtra,India,False,1234568,6,Mid,"We are hiring a BI Analyst. Required skills: excel, communication, power bi, tableau. Strong leadership and communication expected. <p>Work with cross-functional teams to deliver impact.</p>","excel, communication, power bi, tableau",Full-time,E-commerce,Bachelors,2025-08-06
534,AI Engineer,Cloudify,Mumbai,Maharashtra,India,False,479576,0,Entry,"We are hiring a AI Engineer. Required skills: aws, pytorch, deep learning, computer vision, nlp, python. Strong adaptability and communication expected. <p>Work with cross-functional teams to deliver impact.</p>","aws, pytorch, deep learning, computer vision, nlp, python",Internship,Fintech,MTech,2025-04-20
535,ML Engineer,StackWave,Mumbai,Maharashtra,India,False,764928,0,Entry,"We are hiring a ML Engineer. Required skills: python, tensorflow, docker. Strong leadership and teamwork expected. <p>Work with cross-functional teams to deliver impact.</p>","python, tensorflow, docker",Internship,SaaS,MTech,2025-03-04
536,Data Analyst,DataWorks,Mumbai,Maharashtra,India,False,1403605,6,Mid,"We are hiring a Data Analyst. Required skills: sql, power bi, pandas. Strong leadership and adaptability expected. <p>Work with cross-functional teams to deliver impact.</p>","sql, power bi, pandas",Contract,SaaS,MTech,2025-04-05
537,Data Analyst,BrightSoft,Bangalore,Karnataka,India,False,1512790,6,Mid,"We are hiring a Data Analyst. Required skills: python, statistics, pandas. Strong communication and teamwork expected. <p>Work with cross-functional teams to deliver impact.</p>","python, statistics, pandas",Contract,Healthcare,MTech,2025-03-18
538,DevOps Engineer,DataWorks,Delhi,Delhi,India,False,2642295,6,Senior,"We are hiring a DevOps Engineer. Required skills: docker, aws, linux, github actions. Strong adaptability and communication expected. <p>Work with cross-functional teams to deliver impact.</p>","docker, aws, linux, github actions",Full-time,SaaS,Bachelors,2025-02-16
539,DevOps Engineer,DataWorks,Hyderabad,Telangana,India,False,599041,0,Entry,"We are hiring a DevOps Engineer. Required skills: docker, github actions, jenkins, kubernetes. Strong adaptability and problem solving expected. <p>Work with cross-functional teams to deliver impact.</p>","docker, github actions, jenkins, kubernetes",Full-time,IT Services,Bachelors,2025-05-10
540,AI Engineer,NextGen AI,Chennai,Tamil Nadu,India,False,757648,1,Entry,"We are hiring a AI Engineer. Required skills: deep learning, pytorch, computer vision, nlp, python. Strong leadership and teamwork expected. <p>Work with cross-functional teams to deliver impact.</p>","deep learning, pytorch, computer vision, nlp, python",Internship,Healthcare,BTech,2025-05-14
541,Software Engineer,NimbusTech,Chennai,Tamil Nadu,India,False,715667,0,Entry,"We are hiring a Software Engineer. Required skills: node.js, docker, java, python, javascript, react, git. Strong adaptability and teamwork expected. <p>Work with cross-functional teams to deliver impact.</p>","node.js, docker, java, python, javascript, react, git",Internship,E-commerce,BTech,2025-02-02
542,DevOps Engineer,NimbusTech,Mumbai,Maharashtra,India,False,1516004,2,Mid,"We are hiring a DevOps Engineer. Required skills: docker, github actions, aws, kubernetes, jenkins, linux. Strong adaptability and teamwork expected. <p>Work with cross-functional teams to deliver impact.</p>","docker, github actions, aws, kubernetes, jenkins, linux",Full-time,SaaS,BTech,2025-06-12
543,Data Engineer,DataWorks,Bangalore,Karnataka,India,False,709520,1,Entry,"We are hiring a Data Engineer. Required skills: aws, docker, etl, sql, airflow. Strong problem solving and communication expected. <p>Work with cross-functional teams to deliver impact.</p>","aws, docker, etl, sql, airflow",Internship,IT Services,MTech,2025-01-17
544,Software Engineer,Vertex Labs,Bangalore,Karnataka,India,False,805476,0,Entry,"We are hiring a Software Engineer. Required skills: javascript, docker, git. Strong leadership and communication expected. <p>Work with cross-functional teams to deliver impact.</p>","javascript, docker, git",Full-time,Fintech,BTech,2025-05-31
545,Frontend Developer,Acme Corp,Remote,Remote,India,True,2213878,10,Senior,"We are hiring a Frontend Developer. Required skills: html, typescript, css. Strong teamwork and problem solving expected. <p>Work with cross-functional teams to deliver impact.</p>","html, typescript, css",Contract,Fintech,BTech,2025-07-26
546,Backend Developer,Acme Corp,Remote,Remote,India,True,2450357,12,Senior,"We are hiring a Backend Developer. Required skills: fastapi, sql, django, docker, python, flask. Strong problem solving and teamwork expected. <p>Work with cross-functional teams to deliver impact.</p>","fastapi, sql, django, docker, python, flask",Internship,EdTech,MTech,2025-06-30
547,Frontend Developer,BrightSoft,Remote,Remote,India,True,2349876,12,Senior,"We are hiring a Frontend Developer. Required skills: css, typescript, react. Strong communication and problem solving expected. <p>Work with cross-functional teams to deliver impact.</p>","css, typescript, react",Contract,E-commerce,Bachelors,2025-06-12
548,Data Scientist,NextGen AI,Mumbai,Maharashtra,India,False,709736,2,Entry,"We are hiring a Data Scientist. Required skills: machine learning, pandas, python. Strong leadership and communication expected. <p>Work with cross-functional teams to deliver impact.</p>","machine learning, pandas, python",Contract,SaaS,Masters,2025-05-03
549,Frontend Developer,Vertex Labs,Mumbai,Maharashtra,India,False,2511822,14,Senior,"We are hiring a Frontend Developer. Required skills: html, javascript, react, css, typescript. Strong adaptability and communication expected. <p>Work with cross-functional teams to deliver impact.</p>","html, javascript, react, css, typescript",Internship,Healthcare,Masters,2025-06-22
550,Backend Developer,NimbusTech,Delhi,Delhi,India,False,2527509,12,Senior,"We are hiring a Backend Developer. Required skills: django, python, flask, sql. Strong problem solving and communication expected. <p>Work with cross-functional teams to deliver impact.</p>","django, python, flask, sql",Contract,SaaS,Masters,2025-08-01
551,Backend Developer,Vertex Labs,Mumbai,Maharashtra,India,False,1422742,3,Mid,"We are hiring a Backend Developer. Required skills: flask, docker, fastapi. Strong problem solving and communication expected. <p>Work with cross-functional teams to deliver impact.</p>","flask, docker, fastapi",Contract,EdTech,MTech,2025-01-15
552,Software Engineer,PixelForge,Pune,Maharashtra,India,False,1205200,2,Mid,"We are hiring a Software Engineer. Required skills: node.js, react, javascript. Strong problem solving and communication expected. <p>Work with cross-functional teams to deliver impact.</p>","node.js, react, javascript",Full-time,Healthcare,MTech,2025-02-20
553,Data Scientist,BrightSoft,Delhi,Delhi,India,False,2582491,13,Senior,"We are hiring a Data Scientist. Required skills: statistics, pandas, scikit-learn, python, machine learning, sql, numpy. Strong problem solving and leadership expected. <p>Work with cross-functional teams to deliver impact.</p>","statistics, pandas, scikit-learn, python, machine learning, sql, numpy",Full-time,EdTech,BTech,2025-01-28
554,Frontend Developer,Acme Corp,Hyderabad,Telangana,India,False,748739,1,Entry,"We are hiring a Frontend Developer. Required skills: css, react, javascript, html, typescript. Strong teamwork and leadership expected. <p>Work with cross-functional teams to deliver impact.</p>","css, react, javascript, html, typescript",Contract,SaaS,BTech,2025-08-19
555,Data Analyst,Cloudify,Delhi,Delhi,India,False,563624,1,Entry,"We are hiring a Data Analyst. Required skills: pandas, sql, power bi, excel. Strong leadership and adaptability expected. <p>Work with cross-functional teams to deliver impact.</p>","pandas, sql, power bi, excel",Full-time,IT Services,Bachelors,2025-07-22
556,Data Analyst,PixelForge,Delhi,Delhi,India,False,2138418,11,Senior,"We are hiring a Data Analyst. Required skills: sql, excel, tableau, python. Strong leadership and problem solving expected. <p>Work with cross-functional teams to deliver impact.</p>","sql, excel, tableau, python",Contract,Healthcare,Bachelors,2025-07-14
557,BI Analyst,BrightSoft,Chennai,Tamil Nadu,India,False,2230607,10,Senior,"We are hiring a BI Analyst. Required skills: communication, power bi, tableau. Strong teamwork and leadership expected. <p>Work with cross-functional teams to deliver impact.</p>","communication, power bi, tableau",Full-time,Healthcare,Bachelors,2025-06-29
558,Backend Developer,NimbusTech,Pune,Maharashtra,India,False,631512,0,Entry,"We are hiring a Backend Developer. Required skills: django, sql, docker, python. Strong leadership and communication expected. <p>Work with cross-functional teams to deliver impact.</p>","django, sql, docker, python",Internship,Fintech,Bachelors,2025-08-10
559,Data Analyst,BrightSoft,Delhi,Delhi,India,False,1124164,2,Mid,"We are hiring a Data Analyst. Required skills: power bi, tableau, excel, sql, python, statistics. Strong communication and problem solving expected. <p>Work with cross-functional teams to deliver impact.</p>","power bi, tableau, excel, sql, python, statistics",Contract,E-commerce,BTech,2025-07-02
560,BI Analyst,Quantify Inc,Hyderabad,Telangana,India,False,709176,0,Entry,"We are hiring a BI Analyst. Required skills: tableau, sql, excel. Strong problem solving and communication expected. <p>Work with cross-functional teams to deliver impact.</p>","tableau, sql, excel",Contract,Fintech,BTech,2025-05-06
561,Software Engineer,StackWave,Mumbai,Maharashtra,India,False,2528939,11,Senior,"We are hiring a Software Engineer. Required skills: javascript, python, git, node.js, docker. Strong adaptability and problem solving expected. <p>Work with cross-functional teams to deliver impact.</p>","javascript, python, git, node.js, docker",Full-time,SaaS,BTech,2025-02-23
562,DevOps Engineer,DataWorks,Mumbai,Maharashtra,India,False,2637423,9,Senior,"We are hiring a DevOps Engineer. Required skills: docker, linux, kubernetes, aws, github actions, jenkins. Strong communication and problem solving expected. <p>Work with cross-functional teams to deliver impact.</p>","docker, linux, kubernetes, aws, github actions, jenkins",Contract,SaaS,MTech,2025-07-14
563,Data Engineer,PixelForge,Mumbai,Maharashtra,India,False,2313133,13,Senior,"We are hiring a Data Engineer. Required skills: docker, sql, python, etl, aws, airflow, spark. Strong communication and leadership expected. <p>Work with cross-functional teams to deliver impact.</p>","docker, sql, python, etl, aws, airflow, spark",Contract,EdTech,Bachelors,2025-02-12
564,DevOps Engineer,DataWorks,Mumbai,Maharashtra,India,False,2688430,13,Senior,"We are hiring a DevOps Engineer. Required skills: linux, kubernetes, aws, docker, jenkins. Strong teamwork and leadership expected. <p>Work with cross-functional teams to deliver impact.</p>","linux, kubernetes, aws, docker, jenkins",Internship,Healthcare,MTech,2025-04-13
565,DevOps Engineer,NextGen AI,Delhi,Delhi,India,False,2678291,14,Senior,"We are hiring a DevOps Engineer. Required skills: kubernetes, linux, docker, jenkins, aws. Strong problem solving and adaptability expected. <p>Work with cross-functional teams to deliver impact.</p>","kubernetes, linux, docker, jenkins, aws",Full-time,E-commerce,BTech,2025-05-22
566,Data Scientist,Acme Corp,Hyderabad,Telangana,India,False,1313571,3,Mid,"We are hiring a Data Scientist. Required skills: pandas, python, statistics, sql. Strong teamwork and adaptability expected. <p>Work with cross-functional teams to deliver impact.</p>","pandas, python, statistics, sql",Internship,IT Services,Bachelors,2025-06-16
567,Software Engineer,Cloudify,Mumbai,Maharashtra,India,False,2200913,6,Senior,"We are hiring a Software Engineer. Required skills: javascript, docker, python, git, react, node.js, java. Strong teamwork and problem solving expected. <p>Work with cross-functional teams to deliver impact.</p>","javascript, docker, python, git, react, node.js, java",Full-time,E-commerce,Bachelors,2025-05-18
568,DevOps Engineer,Vertex Labs,Hyderabad,Telangana,India,False,2573664,14,Senior,"We are hiring a DevOps Engineer. Required skills: linux, jenkins, aws. Strong problem solving and adaptability expected. <p>Work with cross-functional teams to deliver impact.</p>","linux, jenkins, aws",Full-time,EdTech,MTech,2025-02-09
569,Frontend Developer,NimbusTech,Delhi,Delhi,India,False,1204015,5,Mid,"We are hiring a Frontend Developer. Required skills: css, typescript, javascript. Strong teamwork and leadership expected. <p>Work with cross-functional teams to deliver impact.</p>","css, typescript, javascript",Internship,Fintech,BTech,2025-01-06
570,AI Engineer,DataWorks,Delhi,Delhi,India,False,852056,0,Entry,"We are hiring a AI Engineer. Required skills: pytorch, computer vision, aws, python. Strong adaptability and teamwork expected. <p>Work with cross-functional teams to deliver impact.</p>","pytorch, computer vision, aws, python",Internship,IT Services,Bachelors,2025-04-07
571,BI Analyst,StackWave,Pune,Maharashtra,India,False,559564,0,Entry,"We are hiring a BI Analyst. Required skills: sql, communication, tableau. Strong communication and adaptability expected. <p>Work with cross-functional teams to deliver impact.</p>","sql, communication, tableau",Full-time,EdTech,BTech,2025-08-07
572,Data Scientist,Acme Corp,Hyderabad,Telangana,India,False,685652,1,Entry,"We are hiring a Data Scientist. Required skills: pandas, scikit-learn, statistics, machine learning. Strong adaptability and problem solving expected. <p>Work with cross-functional teams to deliver impact.</p>","pandas, scikit-learn, statistics, machine learning",Internship,EdTech,Bachelors,2025-01-06
573,Data Analyst,Vertex Labs,Hyderabad,Telangana,India,False,2135166,6,Senior,"We are hiring a Data Analyst. Required skills: tableau, excel, python. Strong leadership and adaptability expected. <p>Work with cross-functional teams to deliver impact.</p>","tableau, excel, python",Full-time,E-commerce,BTech,2025-02-27
574,BI Analyst,DataWorks,Remote,Remote,India,True,799935,1,Entry,"We are hiring a BI Analyst. Required skills: sql, excel, communication, tableau, power bi. Strong problem solving and communication expected. <p>Work with cross-functional teams to deliver impact.</p>","sql, excel, communication, tableau, power bi",Full-time,EdTech,Masters,2025-02-15
575,BI Analyst,Cloudify,Chennai,Tamil Nadu,India,False,2450947,15,Senior,"We are hiring a BI Analyst. Required skills: tableau, power bi, communication, excel, sql. Strong communication and problem solving expected. <p>Work with cross-functional teams to deliver impact.</p>","tableau, power bi, communication, excel, sql",Contract,SaaS,BTech,2025-08-27
576,AI Engineer,DataWorks,Mumbai,Maharashtra,India,False,1511672,5,Mid,"We are hiring a AI Engineer. Required skills: python, pytorch, deep learning. Strong communication and leadership expected. <p>Work with cross-functional teams to deliver impact.</p>","python, pytorch, deep learning",Internship,E-commerce,Masters,2025-01-24
577,Software Engineer,NimbusTech,Remote,Remote,India,True,1379663,5,Mid,"We are hiring a Software Engineer. Required skills: java, react, javascript, node.js. Strong teamwork and leadership expected. <p>Work with cross-functional teams to deliver impact.</p>","java, react, javascript, node.js",Contract,EdTech,MTech,2025-05-18
578,Backend Developer,Acme Corp,Hyderabad,Telangana,India,False,2549279,7,Senior,"We are hiring a Backend Developer. Required skills: sql, docker, django, fastapi, python, flask. Strong teamwork and communication expected. <p>Work with cross-functional teams to deliver impact.</p>","sql, docker, django, fastapi, python, flask",Contract,EdTech,MTech,2025-02-04
579,Data Scientist,Vertex Labs,Delhi,Delhi,India,False,1264276,3,Mid,"We are hiring a Data Scientist. Required skills: numpy, sql, pandas. Strong teamwork and communication expected. <p>Work with cross-functional teams to deliver impact.</p>","numpy, sql, pandas",Internship,Fintech,Bachelors,2025-06-28
580,ML Engineer,Acme Corp,Chennai,Tamil Nadu,India,False,2335856,13,Senior,"We are hiring a ML Engineer. Required skills: scikit-learn, python, docker, tensorflow, mlops, aws. Strong teamwork and problem solving expected. <p>Work with cross-functional teams to deliver impact.</p>","scikit-learn, python, docker, tensorflow, mlops, aws",Full-time,IT Services,Masters,2025-01-20
581,Data Analyst,BrightSoft,Chennai,Tamil Nadu,India,False,1103851,4,Mid,"We are hiring a Data Analyst. Required skills: statistics, power bi, sql, tableau, pandas, python, excel. Strong communication and teamwork expected. <p>Work with cross-functional teams to deliver impact.</p>","statistics, power bi, sql, tableau, pandas, python, excel",Full-time,SaaS,Bachelors,2025-06-04
582,ML Engineer,BrightSoft,Delhi,Delhi,India,False,2354417,9,Senior,"We are hiring a ML Engineer. Required skills: pytorch, python, docker, aws, tensorflow, mlops, scikit-learn. Strong communication and leadership expected. <p>Work with cross-functional teams to deliver impact.</p>","pytorch, python, docker, aws, tensorflow, mlops, scikit-learn",Full-time,SaaS,Masters,2025-04-13
583,DevOps Engineer,Quantify Inc,Chennai,Tamil Nadu,India,False,2601190,7,Senior,"We are hiring a DevOps Engineer. Required skills: kubernetes, jenkins, linux. Strong problem solving and leadership expected. <p>Work with cross-functional teams to deliver impact.</p>","kubernetes, jenkins, linux",Contract,Fintech,Bachelors,2025-07-25
584,Software Engineer,NextGen AI,Pune,Maharashtra,India,False,2340666,9,Senior,"We are hiring a Software Engineer. Required skills: java, javascript, python, node.js, react, docker. Strong communication and adaptability expected. <p>Work with cross-functional teams to deliver impact.</p>","java, javascript, python, node.js, react, docker",Full-time,EdTech,Bachelors,2025-07-13
585,AI Engineer,Acme Corp,Bangalore,Karnataka,India,False,1537308,6,Mid,"We are hiring a AI Engineer. Required skills: deep learning, pytorch, python, computer vision. Strong communication and problem solving expected. <p>Work with cross-functional teams to deliver impact.</p>","deep learning, pytorch, python, computer vision",Full-time,E-commerce,Bachelors,2025-04-02
586,AI Engineer,DataWorks,Delhi,Delhi,India,False,2698040,11,Senior,"We are hiring a AI Engineer. Required skills: deep learning, pytorch, nlp, aws, computer vision, python. Strong adaptability and teamwork expected. <p>Work with cross-functional teams to deliver impact.</p>","deep learning, pytorch, nlp, aws, computer vision, python",Full-time,EdTech,MTech,2025-05-03
587,DevOps Engineer,Vertex Labs,Mumbai,Maharashtra,India,False,2352818,7,Senior,"We are hiring a DevOps Engineer. Required skills: aws, kubernetes, github actions. Strong teamwork and adaptability expected. <p>Work with cross-functional teams to deliver impact.</p>","aws, kubernetes, github actions",Internship,EdTech,BTech,2025-04-25
588,ML Engineer,NimbusTech,Hyderabad,Telangana,India,False,2228641,9,Senior,"We are hiring a ML Engineer. Required skills: tensorflow, mlops, aws, docker, python. Strong adaptability and leadership expected. <p>Work with cross-functional teams to deliver impact.</p>","tensorflow, mlops, aws, docker, python",Full-time,IT Services,Masters,2025-07-16
589,AI Engineer,StackWave,Bangalore,Karnataka,India,False,1303724,4,Mid,"We are hiring a AI Engineer. Required skills: computer vision, python, aws. Strong problem solving and adaptability expected. <p>Work with cross-functional teams to deliver impact.</p>","computer vision, python, aws",Full-time,IT Services,Masters,2025-07-01
590,Frontend Developer,PixelForge,Pune,Maharashtra,India,False,730548,2,Entry,"We are hiring a Frontend Developer. Required skills: css, typescript, react, javascript. Strong leadership and teamwork expected. <p>Work with cross-functional teams to deliver impact.</p>","css, typescript, react, javascript",Contract,E-commerce,BTech,2025-04-06
591,Data Scientist,BrightSoft,Hyderabad,Telangana,India,False,2280412,6,Senior,"We are hiring a Data Scientist. Required skills: statistics, scikit-learn, numpy, python, sql, machine learning. Strong leadership and teamwork expected. <p>Work with cross-functional teams to deliver impact.</p>","statistics, scikit-learn, numpy, python, sql, machine learning",Internship,Healthcare,Bachelors,2025-02-27
592,BI Analyst,DataWorks,Bangalore,Karnataka,India,False,2319030,7,Senior,"We are hiring a BI Analyst. Required skills: sql, tableau, power bi, excel. Strong leadership and adaptability expected. <p>Work with cross-functional teams to deliver impact.</p>","sql, tableau, power bi, excel",Full-time,Healthcare,BTech,2025-01-17
593,Software Engineer,NimbusTech,Hyderabad,Telangana,India,False,1542796,2,Mid,"We are hiring a Software Engineer. Required skills: node.js, react, java, git, python. Strong teamwork and problem solving expected. <p>Work with cross-functional teams to deliver impact.</p>","node.js, react, java, git, python",Internship,IT Services,MTech,2025-01-16
594,Software Engineer,BrightSoft,Hyderabad,Telangana,India,False,1142623,3,Mid,"We are hiring a Software Engineer. Required skills: react, java, python, git, node.js, docker. Strong leadership and communication expected. <p>Work with cross-functional teams to deliver impact.</p>","react, java, python, git, node.js, docker",Contract,SaaS,MTech,2025-08-12
595,BI Analyst,PixelForge,Hyderabad,Telangana,India,False,1416242,4,Mid,"We are hiring a BI Analyst. Required skills: power bi, tableau, sql, excel, communication. Strong leadership and adaptability expected. <p>Work with cross-functional teams to deliver impact.</p>","power bi, tableau, sql, excel, communication",Internship,SaaS,Masters,2025-06-28
596,BI Analyst,Cloudify,Hyderabad,Telangana,India,False,769458,2,Entry,"We are hiring a BI Analyst. Required skills: communication, excel, sql, tableau. Strong communication and teamwork expected. <p>Work with cross-functional teams to deliver impact.</p>","communication, excel, sql, tableau",Contract,Fintech,MTech,2025-08-10
597,Software Engineer,Quantify Inc,Chennai,Tamil Nadu,India,False,1141824,2,Mid,"We are hiring a Software Engineer. Required skills: docker, git, react. Strong adaptability and communication expected. <p>Work with cross-functional teams to deliver impact.</p>","docker, git, react",Full-time,Fintech,Masters,2025-04-18
598,Backend Developer,Acme Corp,Pune,Maharashtra,India,False,811466,0,Entry,"We are hiring a Backend Developer. Required skills: sql, fastapi, django, docker. Strong problem solving and adaptability expected. <p>Work with cross-functional teams to deliver impact.</p>","sql, fastapi, django, docker",Internship,IT Services,MTech,2025-06-16
599,Frontend Developer,Cloudify,Delhi,Delhi,India,False,2579192,8,Senior,"We are hiring a Frontend Developer. Required skills: css, typescript, react, html. Strong teamwork and adaptability expected. <p>Work with cross-functional teams to deliver impact.</p>","css, typescript, react, html",Internship,Healthcare,MTech,2025-03-14
600,BI Analyst,StackWave,Bangalore,Karnataka,India,False,2670518,12,Senior,"We are hiring a BI Analyst. Required skills: tableau, sql, excel, communication, power bi. Strong adaptability and communication expected. <p>Work with cross-functional teams to deliver impact.</p>","tableau, sql, excel, communication, power bi",Internship,Healthcare,Bachelors,2025-06-20
601,AI Engineer,PixelForge,Chennai,Tamil Nadu,India,False,956483,1,Entry,"We are hiring a AI Engineer. Required skills: pytorch, aws, computer vision, nlp, deep learning, python. Strong leadership and communication expected. <p>Work with cross-functional teams to deliver impact.</p>","pytorch, aws, computer vision, nlp, deep learning, python",Contract,Fintech,BTech,2025-03-10
602,AI Engineer,StackWave,Chennai,Tamil Nadu,India,False,994172,0,Entry,"We are hiring a AI Engineer. Required skills: computer vision, pytorch, python, deep learning, aws. Strong problem solving and adaptability expected. <p>Work with cross-functional teams to deliver impact.</p>","computer vision, pytorch, python, deep learning, aws",Full-time,EdTech,MTech,2025-03-03
603,Backend Developer,NimbusTech,Pune,Maharashtra,India,False,2712404,12,Senior,"We are hiring a Backend Developer. Required skills: django, sql, fastapi, python, docker, flask. Strong leadership and teamwork expected. <p>Work with cross-functional teams to deliver impact.</p>","django, sql, fastapi, python, docker, flask",Full-time,SaaS,Masters,2025-05-10
604,Data Scientist,Acme Corp,Mumbai,Maharashtra,India,False,650483,0,Entry,"We are hiring a Data Scientist. Required skills: sql, scikit-learn, numpy, pandas, machine learning, python, statistics. Strong adaptability and communication expected. <p>Work with cross-functional teams to deliver impact.</p>","sql, scikit-learn, numpy, pandas, machine learning, python, statistics",Internship,Healthcare,Bachelors,2025-07-10
605,ML Engineer,BrightSoft,Mumbai,Maharashtra,India,False,1466473,6,Mid,"We are hiring a ML Engineer. Required skills: scikit-learn, mlops, tensorflow, pytorch, python, aws. Strong communication and problem solving expected. <p>Work with cross-functional teams to deliver impact.</p>","scikit-learn, mlops, tensorflow, pytorch, python, aws",Full-time,Fintech,Bachelors,2025-06-13
606,DevOps Engineer,DataWorks,Hyderabad,Telangana,India,False,507283,0,Entry,"We are hiring a DevOps Engineer. Required skills: docker, jenkins, linux. Strong leadership and problem solving expected. <p>Work with cross-functional teams to deliver impact.</p>","docker, jenkins, linux",Full-time,Healthcare,Bachelors,2025-05-06
607,Data Analyst,Acme Corp,Hyderabad,Telangana,India,False,1383267,5,Mid,"We are hiring a Data Analyst. Required skills: python, power bi, statistics, sql, excel, pandas. Strong teamwork and communication expected. <p>Work with cross-functional teams to deliver impact.</p>","python, power bi, statistics, sql, excel, pandas",Full-time,E-commerce,BTech,2025-05-04
608,DevOps Engineer,NextGen AI,Remote,Remote,India,True,434157,0,Entry,"We are hiring a DevOps Engineer. Required skills: kubernetes, github actions, aws. Strong adaptability and teamwork expected. <p>Work with cross-functional teams to deliver impact.</p>","kubernetes, github actions, aws",Full-time,E-commerce,Bachelors,2025-08-19
609,Data Engineer,Vertex Labs,Pune,Maharashtra,India,False,914967,2,Entry,"We are hiring a Data Engineer. Required skills: spark, sql, docker. Strong communication and problem solving expected. <p>Work with cross-functional teams to deliver impact.</p>","spark, sql, docker",Internship,EdTech,BTech,2025-04-30
610,Frontend Developer,NimbusTech,Bangalore,Karnataka,India,False,756720,0,Entry,"We are hiring a Frontend Developer. Required skills: html, css, javascript, react. Strong teamwork and leadership expected. <p>Work with cross-functional teams to deliver impact.</p>","html, css, javascript, react",Contract,Healthcare,MTech,2025-06-02
611,AI Engineer,Acme Corp,Delhi,Delhi,India,False,2325373,7,Senior,"We are hiring a AI Engineer. Required skills: deep learning, python, computer vision, pytorch, aws. Strong adaptability and problem solving expected. <p>Work with cross-functional teams to deliver impact.</p>","deep learning, python, computer vision, pytorch, aws",Internship,Healthcare,BTech,2025-06-04
612,Backend Developer,Cloudify,Bangalore,Karnataka,India,False,1275636,4,Mid,"We are hiring a Backend Developer. Required skills: fastapi, python, sql, docker, django. Strong problem solving and teamwork expected. <p>Work with cross-functional teams to deliver impact.</p>","fastapi, python, sql, docker, django",Contract,IT Services,Bachelors,2025-03-23
613,Data Analyst,NextGen AI,Remote,Remote,India,True,2372481,10,Senior,"We are hiring a Data Analyst. Required skills: sql, power bi, tableau, excel, python. Strong teamwork and communication expected. <p>Work with cross-functional teams to deliver impact.</p>","sql, power bi, tableau, excel, python",Internship,E-commerce,Bachelors,2025-05-27
614,BI Analyst,DataWorks,Pune,Maharashtra,India,False,891699,1,Entry,"We are hiring a BI Analyst. Required skills: excel, tableau, power bi, sql, communication. Strong communication and leadership expected. <p>Work with cross-functional teams to deliver impact.</p>","excel, tableau, power bi, sql, communication",Full-time,EdTech,BTech,2025-06-01
615,BI Analyst,NimbusTech,Delhi,Delhi,India,False,708179,2,Entry,"We are hiring a BI Analyst. Required skills: communication, sql, power bi. Strong leadership and communication expected. <p>Work with cross-functional teams to deliver impact.</p>","communication, sql, power bi",Internship,EdTech,Bachelors,2025-03-28
616,Data Analyst,PixelForge,Chennai,Tamil Nadu,India,False,2472623,11,Senior,"We are hiring a Data Analyst. Required skills: power bi, python, statistics. Strong communication and problem solving expected. <p>Work with cross-functional teams to deliver impact.</p>","power bi, python, statistics",Contract,EdTech,Bachelors,2025-04-11
617,AI Engineer,PixelForge,Bangalore,Karnataka,India,False,808542,0,Entry,"We are hiring a AI Engineer. Required skills: computer vision, python, nlp, aws, deep learning, pytorch. Strong teamwork and adaptability expected. <p>Work with cross-functional teams to deliver impact.</p>","computer vision, python, nlp, aws, deep learning, pytorch",Full-time,Fintech,BTech,2025-07-28
618,Backend Developer,Cloudify,Bangalore,Karnataka,India,False,686537,0,Entry,"We are hiring a Backend Developer. Required skills: docker, python, flask. Strong adaptability and leadership expected. <p>Work with cross-functional teams to deliver impact.</p>","docker, python, flask",Contract,SaaS,Masters,2025-08-25
619,ML Engineer,Quantify Inc,Hyderabad,Telangana,India,False,2691142,14,Senior,"We are hiring a ML Engineer. Required skills: docker, python, pytorch, tensorflow, scikit-learn, aws, mlops. Strong problem solving and adaptability expected. <p>Work with cross-functional teams to deliver impact.</p>","docker, python, pytorch, tensorflow, scikit-learn, aws, mlops",Internship,Healthcare,Masters,2025-01-24
620,AI Engineer,Acme Corp,Bangalore,Karnataka,India,False,2668631,7,Senior,"We are hiring a AI Engineer. Required skills: aws, python, nlp, computer vision, deep learning. Strong teamwork and communication expected. <p>Work with cross-functional teams to deliver impact.</p>","aws, python, nlp, computer vision, deep learning",Internship,Fintech,MTech,2025-07-29
621,BI Analyst,BrightSoft,Chennai,Tamil Nadu,India,False,738580,2,Entry,"We are hiring a BI Analyst. Required skills: excel, sql, power bi. Strong leadership and teamwork expected. <p>Work with cross-functional teams to deliver impact.</p>","excel, sql, power bi",Internship,IT Services,Masters,2025-02-26
622,Software Engineer,StackWave,Mumbai,Maharashtra,India,False,792066,1,Entry,"We are hiring a Software Engineer. Required skills: react, node.js, git, java, docker, python. Strong communication and teamwork expected. <p>Work with cross-functional teams to deliver impact.</p>","react, node.js, git, java, docker, python",Contract,IT Services,Bachelors,2025-03-03
623,Data Analyst,PixelForge,Bangalore,Karnataka,India,False,1441643,2,Mid,"We are hiring a Data Analyst. Required skills: sql, excel, python, power bi, pandas, statistics. Strong teamwork and adaptability expected. <p>Work with cross-functional teams to deliver impact.</p>","sql, excel, python, power bi, pandas, statistics",Contract,EdTech,MTech,2025-05-11
624,Software Engineer,Vertex Labs,Hyderabad,Telangana,India,False,718287,0,Entry,"We are hiring a Software Engineer. Required skills: react, javascript, git. Strong leadership and teamwork expected. <p>Work with cross-functional teams to deliver impact.</p>","react, javascript, git",Internship,E-commerce,MTech,2025-05-13
625,BI Analyst,Vertex Labs,Remote,Remote,India,True,689108,0,Entry,"We are hiring a BI Analyst. Required skills: sql, power bi, communication. Strong communication and adaptability expected. <p>Work with cross-functional teams to deliver impact.</p>","sql, power bi, communication",Contract,Fintech,MTech,2025-04-11
626,BI Analyst,StackWave,Mumbai,Maharashtra,India,False,711982,0,Entry,"We are hiring a BI Analyst. Required skills: power bi, tableau, communication. Strong problem solving and communication expected. <p>Work with cross-functional teams to deliver impact.</p>","power bi, tableau, communication",Full-time,Fintech,MTech,2025-07-09
627,AI Engineer,PixelForge,Bangalore,Karnataka,India,False,927654,1,Entry,"We are hiring a AI Engineer. Required skills: pytorch, nlp, python, computer vision. Strong problem solving and communication expected. <p>Work with cross-functional teams to deliver impact.</p>","pytorch, nlp, python, computer vision",Full-time,E-commerce,Bachelors,2025-02-13
628,Data Analyst,Vertex Labs,Mumbai,Maharashtra,India,False,794777,0,Entry,"We are hiring a Data Analyst. Required skills: excel, power bi, tableau, python, sql, pandas, statistics. Strong adaptability and teamwork expected. <p>Work with cross-functional teams to deliver impact.</p>","excel, power bi, tableau, python, sql, pandas, statistics",Full-time,IT Services,Bachelors,2025-03-19
629,Software Engineer,BrightSoft,Chennai,Tamil Nadu,India,False,1439755,5,Mid,"We are hiring a Software Engineer. Required skills: react, git, javascript, node.js, docker, java. Strong problem solving and leadership expected. <p>Work with cross-functional teams to deliver impact.</p>","react, git, javascript, node.js, docker, java",Full-time,E-commerce,Bachelors,2025-02-07
630,BI Analyst,DataWorks,Pune,Maharashtra,India,False,626329,0,Entry,"We are hiring a BI Analyst. Required skills: power bi, tableau, communication. Strong teamwork and leadership expected. <p>Work with cross-functional teams to deliver impact.</p>","power bi, tableau, communication",Internship,IT Services,BTech,2025-08-13
631,Backend Developer,Acme Corp,Pune,Maharashtra,India,False,1269829,5,Mid,"We are hiring a Backend Developer. Required skills: sql, django, flask, fastapi, docker, python. Strong adaptability and problem solving expected. <p>Work with cross-functional teams to deliver impact.</p>","sql, django, flask, fastapi, docker, python",Internship,IT Services,MTech,2025-07-23
632,Frontend Developer,StackWave,Remote,Remote,India,True,2453858,8,Senior,"We are hiring a Frontend Developer. Required skills: typescript, html, javascript, css, react. Strong adaptability and teamwork expected. <p>Work with cross-functional teams to deliver impact.</p>","typescript, html, javascript, css, react",Contract,Healthcare,BTech,2025-01-17
633,AI Engineer,Acme Corp,Delhi,Delhi,India,False,1330677,2,Mid,"We are hiring a AI Engineer. Required skills: computer vision, python, pytorch. Strong leadership and problem solving expected. <p>Work with cross-functional teams to deliver impact.</p>","computer vision, python, pytorch",Internship,IT Services,Bachelors,2025-03-06
634,ML Engineer,BrightSoft,Delhi,Delhi,India,False,2234638,9,Senior,"We are hiring a ML Engineer. Required skills: tensorflow, aws, scikit-learn, pytorch, python. Strong teamwork and communication expected. <p>Work with cross-functional teams to deliver impact.</p>","tensorflow, aws, scikit-learn, pytorch, python",Contract,E-commerce,Masters,2025-07-27
635,BI Analyst,StackWave,Delhi,Delhi,India,False,2468144,15,Senior,"We are hiring a BI Analyst. Required skills: excel, sql, power bi, tableau. Strong teamwork and adaptability expected. <p>Work with cross-functional teams to deliver impact.</p>","excel, sql, power bi, tableau",Contract,Fintech,MTech,2025-05-22
636,Data Engineer,Cloudify,Hyderabad,Telangana,India,False,913367,1,Entry,"We are hiring a Data Engineer. Required skills: spark, python, etl, airflow, aws. Strong adaptability and problem solving expected. <p>Work with cross-functional teams to deliver impact.</p>","spark, python, etl, airflow, aws",Contract,E-commerce,MTech,2025-04-30
637,BI Analyst,StackWave,Pune,Maharashtra,India,False,1284432,3,Mid,"We are hiring a BI Analyst. Required skills: excel, sql, tableau, communication. Strong adaptability and problem solving expected. <p>Work with cross-functional teams to deliver impact.</p>","excel, sql, tableau, communication",Full-time,EdTech,BTech,2025-01-14
638,BI Analyst,DataWorks,Bangalore,Karnataka,India,False,2393298,7,Senior,"We are hiring a BI Analyst. Required skills: excel, sql, power bi. Strong problem solving and communication expected. <p>Work with cross-functional teams to deliver impact.</p>","excel, sql, power bi",Contract,EdTech,MTech,2025-06-26
639,Software Engineer,NextGen AI,Remote,Remote,India,True,2261154,9,Senior,"We are hiring a Software Engineer. Required skills: python, git, node.js. Strong leadership and teamwork expected. <p>Work with cross-functional teams to deliver impact.</p>","python, git, node.js",Full-time,SaaS,Masters,2025-03-19
640,AI Engineer,NextGen AI,Remote,Remote,India,True,536913,0,Entry,"We are hiring a AI Engineer. Required skills: computer vision, deep learning, pytorch. Strong communication and teamwork expected. <p>Work with cross-functional teams to deliver impact.</p>","computer vision, deep learning, pytorch",Full-time,IT Services,MTech,2025-01-07
641,Backend Developer,StackWave,Chennai,Tamil Nadu,India,False,930461,0,Entry,"We are hiring a Backend Developer. Required skills: fastapi, python, sql, django, flask, docker. Strong communication and leadership expected. <p>Work with cross-functional teams to deliver impact.</p>","fastapi, python, sql, django, flask, docker",Full-time,SaaS,Bachelors,2025-02-17
642,ML Engineer,StackWave,Mumbai,Maharashtra,India,False,1134878,4,Mid,"We are hiring a ML Engineer. Required skills: pytorch, aws, scikit-learn, mlops. Strong leadership and problem solving expected. <p>Work with cross-functional teams to deliver impact.</p>","pytorch, aws, scikit-learn, mlops",Internship,E-commerce,MTech,2025-04-09
643,Data Scientist,Acme Corp,Remote,Remote,India,True,787468,2,Entry,"We are hiring a Data Scientist. Required skills: scikit-learn, sql, pandas, python, statistics, numpy. Strong adaptability and leadership expected. <p>Work with cross-functional teams to deliver impact.</p>","scikit-learn, sql, pandas, python, statistics, numpy",Full-time,E-commerce,Masters,2025-04-30
644,Frontend Developer,NimbusTech,Remote,Remote,India,True,1095814,6,Mid,"We are hiring a Frontend Developer. Required skills: javascript, react, css, html. Strong teamwork and problem solving expected. <p>Work with cross-functional teams to deliver impact.</p>","javascript, react, css, html",Internship,SaaS,BTech,2025-04-28
645,ML Engineer,StackWave,Remote,Remote,India,True,2339136,13,Senior,"We are hiring a ML Engineer. Required skills: mlops, scikit-learn, tensorflow, docker, python. Strong adaptability and problem solving expected. <p>Work with cross-functional teams to deliver impact.</p>","mlops, scikit-learn, tensorflow, docker, python",Full-time,SaaS,BTech,2025-05-31
646,DevOps Engineer,Quantify Inc,Bangalore,Karnataka,India,False,561380,2,Entry,"We are hiring a DevOps Engineer. Required skills: github actions, linux, jenkins, docker, aws. Strong leadership and problem solving expected. <p>Work with cross-functional teams to deliver impact.</p>","github actions, linux, jenkins, docker, aws",Full-time,SaaS,Masters,2025-01-27
647,ML Engineer,StackWave,Chennai,Tamil Nadu,India,False,862505,0,Entry,"We are hiring a ML Engineer. Required skills: mlops, docker, python, aws, tensorflow, pytorch. Strong communication and teamwork expected. <p>Work with cross-functional teams to deliver impact.</p>","mlops, docker, python, aws, tensorflow, pytorch",Contract,IT Services,MTech,2025-04-07
648,ML Engineer,DataWorks,Chennai,Tamil Nadu,India,False,691636,0,Entry,"We are hiring a ML Engineer. Required skills: aws, pytorch, scikit-learn, tensorflow, mlops, docker, python. Strong adaptability and communication expected. <p>Work with cross-functional teams to deliver impact.</p>","aws, pytorch, scikit-learn, tensorflow, mlops, docker, python",Internship,SaaS,Bachelors,2025-02-22
649,Data Analyst,StackWave,Hyderabad,Telangana,India,False,1247553,6,Mid,"We are hiring a Data Analyst. Required skills: python, excel, power bi, statistics. Strong leadership and problem solving expected. <p>Work with cross-functional teams to deliver impact.</p>","python, excel, power bi, statistics",Contract,EdTech,Masters,2025-07-25
650,Data Scientist,Vertex Labs,Bangalore,Karnataka,India,False,992937,2,Entry,"We are hiring a Data Scientist. Required skills: scikit-learn, machine learning, sql, python, numpy, statistics. Strong communication and problem solving expected. <p>Work with cross-functional teams to deliver impact.</p>","scikit-learn, machine learning, sql, python, numpy, statistics",Full-time,Fintech,BTech,2025-08-25
651,AI Engineer,BrightSoft,Remote,Remote,India,True,2694337,14,Senior,"We are hiring a AI Engineer. Required skills: aws, nlp, python, computer vision, pytorch, deep learning. Strong leadership and communication expected. <p>Work with cross-functional teams to deliver impact.</p>","aws, nlp, python, computer vision, pytorch, deep learning",Internship,SaaS,Bachelors,2025-05-30
652,Frontend Developer,NextGen AI,Hyderabad,Telangana,India,False,1244154,4,Mid,"We are hiring a Frontend Developer. Required skills: javascript, html, react, typescript. Strong problem solving and communication expected. <p>Work with cross-functional teams to deliver impact.</p>","javascript, html, react, typescript",Full-time,Healthcare,Bachelors,2025-07-26
653,DevOps Engineer,NimbusTech,Remote,Remote,India,True,2612028,7,Senior,"We are hiring a DevOps Engineer. Required skills: aws, docker, jenkins. Strong problem solving and communication expected. <p>Work with cross-functional teams to deliver impact.</p>","aws, docker, jenkins",Full-time,IT Services,MTech,2025-05-10
654,Data Engineer,Acme Corp,Remote,Remote,India,True,847817,0,Entry,"We are hiring a Data Engineer. Required skills: airflow, etl, spark, sql, python. Strong adaptability and leadership expected. <p>Work with cross-functional teams to deliver impact.</p>","airflow, etl, spark, sql, python",Full-time,Healthcare,MTech,2025-06-28
655,ML Engineer,PixelForge,Hyderabad,Telangana,India,False,829793,2,Entry,"We are hiring a ML Engineer. Required skills: scikit-learn, docker, aws, pytorch, python, mlops. Strong communication and teamwork expected. <p>Work with cross-functional teams to deliver impact.</p>","scikit-learn, docker, aws, pytorch, python, mlops",Full-time,IT Services,Bachelors,2025-02-28
656,BI Analyst,Acme Corp,Hyderabad,Telangana,India,False,746323,0,Entry,"We are hiring a BI Analyst. Required skills: communication, sql, excel, tableau, power bi. Strong problem solving and adaptability expected. <p>Work with cross-functional teams to deliver impact.</p>","communication, sql, excel, tableau, power bi",Internship,SaaS,Masters,2025-03-16
657,ML Engineer,Cloudify,Delhi,Delhi,India,False,1407423,4,Mid,"We are hiring a ML Engineer. Required skills: docker, mlops, python, aws, scikit-learn, pytorch, tensorflow. Strong adaptability and problem solving expected. <p>Work with cross-functional teams to deliver impact.</p>","docker, mlops, python, aws, scikit-learn, pytorch, tensorflow",Internship,Fintech,BTech,2025-03-23
658,Backend Developer,NimbusTech,Bangalore,Karnataka,India,False,2323442,10,Senior,"We are hiring a Backend Developer. Required skills: python, flask, fastapi. Strong adaptability and teamwork expected. <p>Work with cross-functional teams to deliver impact.</p>","python, flask, fastapi",Contract,SaaS,Masters,2025-02-01
659,Software Engineer,StackWave,Pune,Maharashtra,India,False,721469,0,Entry,"We are hiring a Software Engineer. Required skills: python, java, react, node.js. Strong leadership and problem solving expected. <p>Work with cross-functional teams to deliver impact.</p>","python, java, react, node.js",Full-time,IT Services,BTech,2025-08-07
660,DevOps Engineer,NextGen AI,Mumbai,Maharashtra,India,False,922025,0,Entry,"We are hiring a DevOps Engineer. Required skills: jenkins, docker, linux, kubernetes, aws, github actions. Strong communication and problem solving expected. <p>Work with cross-functional teams to deliver impact.</p>","jenkins, docker, linux, kubernetes, aws, github actions",Full-time,EdTech,BTech,2025-08-28
661,Data Analyst,BrightSoft,Remote,Remote,India,True,1496963,2,Mid,"We are hiring a Data Analyst. Required skills: statistics, excel, pandas, sql, python, power bi, tableau. Strong adaptability and leadership expected. <p>Work with cross-functional teams to deliver impact.</p>","statistics, excel, pandas, sql, python, power bi, tableau",Contract,EdTech,BTech,2025-02-11
662,BI Analyst,Cloudify,Chennai,Tamil Nadu,India,False,2440194,9,Senior,"We are hiring a BI Analyst. Required skills: power bi, communication, sql, excel. Strong adaptability and leadership expected. <p>Work with cross-functional teams to deliver impact.</p>","power bi, communication, sql, excel",Full-time,EdTech,BTech,2025-04-03
663,AI Engineer,Quantify Inc,Chennai,Tamil Nadu,India,False,2337469,10,Senior,"We are hiring a AI Engineer. Required skills: aws, deep learning, python, computer vision, pytorch. Strong leadership and communication expected. <p>Work with cross-functional teams to deliver impact.</p>","aws, deep learning, python, computer vision, pytorch",Contract,IT Services,MTech,2025-01-10
664,Software Engineer,NimbusTech,Bangalore,Karnataka,India,False,1531834,6,Mid,"We are hiring a Software Engineer. Required skills: git, node.js, java, react, python, javascript. Strong problem solving and adaptability expected. <p>Work with cross-functional teams to deliver impact.</p>","git, node.js, java, react, python, javascript",Contract,Healthcare,Masters,2025-02-28
665,ML Engineer,Quantify Inc,Mumbai,Maharashtra,India,False,961333,2,Entry,"We are hiring a ML Engineer. Required skills: mlops, aws, python, pytorch. Strong adaptability and problem solving expected. <p>Work with cross-functional teams to deliver impact.</p>","mlops, aws, python, pytorch",Full-time,EdTech,Masters,2025-01-16
666,AI Engineer,NextGen AI,Delhi,Delhi,India,False,1168680,2,Mid,"We are hiring a AI Engineer. Required skills: python, nlp, aws, deep learning, computer vision. Strong communication and teamwork expected. <p>Work with cross-functional teams to deliver impact.</p>","python, nlp, aws, deep learning, computer vision",Full-time,E-commerce,BTech,2025-08-01
667,BI Analyst,Cloudify,Pune,Maharashtra,India,False,837963,1,Entry,"We are hiring a BI Analyst. Required skills: excel, tableau, sql. Strong leadership and problem solving expected. <p>Work with cross-functional teams to deliver impact.</p>","excel, tableau, sql",Internship,IT Services,Masters,2025-04-05
668,Data Analyst,Vertex Labs,Chennai,Tamil Nadu,India,False,810765,1,Entry,"We are hiring a Data Analyst. Required skills: sql, tableau, python, pandas, excel. Strong leadership and communication expected. <p>Work with cross-functional teams to deliver impact.</p>","sql, tableau, python, pandas, excel",Internship,SaaS,Masters,2025-04-08
669,Data Scientist,NextGen AI,Remote,Remote,India,True,2237131,12,Senior,"We are hiring a Data Scientist. Required skills: pandas, statistics, machine learning. Strong communication and leadership expected. <p>Work with cross-functional teams to deliver impact.</p>","pandas, statistics, machine learning",Internship,EdTech,MTech,2025-03-23
670,AI Engineer,Vertex Labs,Pune,Maharashtra,India,False,551023,1,Entry,"We are hiring a AI Engineer. Required skills: deep learning, nlp, pytorch, computer vision. Strong leadership and adaptability expected. <p>Work with cross-functional teams to deliver impact.</p>","deep learning, nlp, pytorch, computer vision",Contract,IT Services,BTech,2025-05-24
671,Backend Developer,NextGen AI,Chennai,Tamil Nadu,India,False,1141366,3,Mid,"We are hiring a Backend Developer. Required skills: flask, fastapi, django. Strong teamwork and leadership expected. <p>Work with cross-functional teams to deliver impact.</p>","flask, fastapi, django",Internship,EdTech,Masters,2025-06-05
672,AI Engineer,NimbusTech,Delhi,Delhi,India,False,1257727,3,Mid,"We are hiring a AI Engineer. Required skills: nlp, aws, python, computer vision, pytorch. Strong leadership and communication expected. <p>Work with cross-functional teams to deliver impact.</p>","nlp, aws, python, computer vision, pytorch",Full-time,IT Services,MTech,2025-03-09
673,Backend Developer,PixelForge,Remote,Remote,India,True,2576967,8,Senior,"We are hiring a Backend Developer. Required skills: docker, python, django, sql, fastapi, flask. Strong problem solving and teamwork expected. <p>Work with cross-functional teams to deliver impact.</p>","docker, python, django, sql, fastapi, flask",Contract,SaaS,Masters,2025-07-02
674,AI Engineer,Quantify Inc,Delhi,Delhi,India,False,2538736,11,Senior,"We are hiring a AI Engineer. Required skills: nlp, aws, python. Strong leadership and problem solving expected. <p>Work with cross-functional teams to deliver impact.</p>","nlp, aws, python",Contract,SaaS,Masters,2025-07-07
675,ML Engineer,DataWorks,Remote,Remote,India,True,1382866,5,Mid,"We are hiring a ML Engineer. Required skills: mlops, aws, python, pytorch, scikit-learn, docker, tensorflow. Strong teamwork and problem solving expected. <p>Work with cross-functional teams to deliver impact.</p>","mlops, aws, python, pytorch, scikit-learn, docker, tensorflow",Contract,E-commerce,Bachelors,2025-05-25
676,Backend Developer,StackWave,Remote,Remote,India,True,761772,2,Entry,"We are hiring a Backend Developer. Required skills: flask, docker, fastapi, django, python, sql. Strong adaptability and problem solving expected. <p>Work with cross-functional teams to deliver impact.</p>","flask, docker, fastapi, django, python, sql",Full-time,E-commerce,BTech,2025-02-12
677,Data Scientist,NimbusTech,Hyderabad,Telangana,India,False,1342163,6,Mid,"We are hiring a Data Scientist. Required skills: numpy, scikit-learn, machine learning, pandas, python. Strong communication and teamwork expected. <p>Work with cross-functional teams to deliver impact.</p>","numpy, scikit-learn, machine learning, pandas, python",Internship,EdTech,Masters,2025-01-08
678,DevOps Engineer,StackWave,Hyderabad,Telangana,India,False,705528,1,Entry,"We are hiring a DevOps Engineer. Required skills: github actions, linux, kubernetes. Strong leadership and adaptability expected. <p>Work with cross-functional teams to deliver impact.</p>","github actions, linux, kubernetes",Internship,Fintech,MTech,2025-03-17
679,Data Scientist,Cloudify,Mumbai,Maharashtra,India,False,1132119,3,Mid,"We are hiring a Data Scientist. Required skills: scikit-learn, sql, machine learning. Strong communication and teamwork expected. <p>Work with cross-functional teams to deliver impact.</p>","scikit-learn, sql, machine learning",Internship,IT Services,BTech,2025-02-10
680,Backend Developer,NextGen AI,Pune,Maharashtra,India,False,649647,1,Entry,"We are hiring a Backend Developer. Required skills: flask, fastapi, python, docker, django. Strong communication and adaptability expected. <p>Work with cross-functional teams to deliver impact.</p>","flask, fastapi, python, docker, django",Full-time,Fintech,MTech,2025-08-12
681,Data Engineer,DataWorks,Hyderabad,Telangana,India,False,638218,2,Entry,"We are hiring a Data Engineer. Required skills: spark, airflow, sql, docker. Strong adaptability and teamwork expected. <p>Work with cross-functional teams to deliver impact.</p>","spark, airflow, sql, docker",Full-time,Healthcare,Bachelors,2025-05-06
682,Backend Developer,Cloudify,Mumbai,Maharashtra,India,False,2376117,12,Senior,"We are hiring a Backend Developer. Required skills: docker, django, python, sql. Strong leadership and teamwork expected. <p>Work with cross-functional teams to deliver impact.</p>","docker, django, python, sql",Contract,Fintech,BTech,2025-06-21
683,Frontend Developer,PixelForge,Chennai,Tamil Nadu,India,False,1331225,3,Mid,"We are hiring a Frontend Developer. Required skills: css, typescript, html, react. Strong leadership and problem solving expected. <p>Work with cross-functional teams to deliver impact.</p>","css, typescript, html, react",Full-time,SaaS,MTech,2025-01-30
684,ML Engineer,Vertex Labs,Remote,Remote,India,True,2602016,13,Senior,"We are hiring a ML Engineer. Required skills: tensorflow, scikit-learn, python, mlops, docker, pytorch. Strong communication and problem solving expected. <p>Work with cross-functional teams to deliver impact.</p>","tensorflow, scikit-learn, python, mlops, docker, pytorch",Contract,EdTech,Masters,2025-08-16
685,BI Analyst,PixelForge,Chennai,Tamil Nadu,India,False,2573419,12,Senior,"We are hiring a BI Analyst. Required skills: communication, tableau, power bi. Strong leadership and problem solving expected. <p>Work with cross-functional teams to deliver impact.</p>","communication, tableau, power bi",Full-time,E-commerce,MTech,2025-07-06
686,Data Engineer,StackWave,Hyderabad,Telangana,India,False,565674,2,Entry,"We are hiring a Data Engineer. Required skills: docker, python, spark, airflow, sql. Strong adaptability and problem solving expected. <p>Work with cross-functional teams to deliver impact.</p>","docker, python, spark, airflow, sql",Full-time,EdTech,Bachelors,2025-07-04
687,Data Analyst,NimbusTech,Pune,Maharashtra,India,False,2378079,9,Senior,"We are hiring a Data Analyst. Required skills: python, pandas, excel, tableau, power bi, statistics. Strong adaptability and leadership expected. <p>Work with cross-functional teams to deliver impact.</p>","python, pandas, excel, tableau, power bi, statistics",Internship,Fintech,BTech,2025-07-25
688,ML Engineer,Quantify Inc,Remote,Remote,India,True,867267,0,Entry,"We are hiring a ML Engineer. Required skills: tensorflow, docker, pytorch, aws, python. Strong communication and teamwork expected. <p>Work with cross-functional teams to deliver impact.</p>","tensorflow, docker, pytorch, aws, python",Contract,E-commerce,Bachelors,2025-02-28
689,Data Engineer,DataWorks,Chennai,Tamil Nadu,India,False,1293114,5,Mid,"We are hiring a Data Engineer. Required skills: spark, docker, python. Strong communication and adaptability expected. <p>Work with cross-functional teams to deliver impact.</p>","spark, docker, python",Internship,SaaS,MTech,2025-01-06
690,Data Analyst,Vertex Labs,Pune,Maharashtra,India,False,1571197,2,Mid,"We are hiring a Data Analyst. Required skills: tableau, sql, python, power bi, statistics, pandas, excel. Strong communication and problem solving expected. <p>Work with cross-functional teams to deliver impact.</p>","tableau, sql, python, power bi, statistics, pandas, excel",Internship,EdTech,MTech,2025-04-07
691,AI Engineer,Acme Corp,Hyderabad,Telangana,India,False,1470984,6,Mid,"We are hiring a AI Engineer. Required skills: python, pytorch, computer vision, nlp, deep learning, aws. Strong leadership and adaptability expected. <p>Work with cross-functional teams to deliver impact.</p>","python, pytorch, computer vision, nlp, deep learning, aws",Contract,EdTech,Bachelors,2025-04-26
692,Data Engineer,DataWorks,Chennai,Tamil Nadu,India,False,2277697,8,Senior,"We are hiring a Data Engineer. Required skills: python, airflow, sql, docker, aws, spark, etl. Strong adaptability and teamwork expected. <p>Work with cross-functional teams to deliver impact.</p>","python, airflow, sql, docker, aws, spark, etl",Full-time,Healthcare,Masters,2025-01-22
693,ML Engineer,Acme Corp,Chennai,Tamil Nadu,India,False,1227928,4,Mid,"We are hiring a ML Engineer. Required skills: aws, docker, mlops, pytorch, python, scikit-learn. Strong problem solving and leadership expected. <p>Work with cross-functional teams to deliver impact.</p>","aws, docker, mlops, pytorch, python, scikit-learn",Full-time,E-commerce,Masters,2025-07-13
694,Backend Developer,DataWorks,Remote,Remote,India,True,1155390,5,Mid,"We are hiring a Backend Developer. Required skills: sql, fastapi, flask, docker, python, django. Strong leadership and communication expected. <p>Work with cross-functional teams to deliver impact.</p>","sql, fastapi, flask, docker, python, django",Contract,Fintech,Bachelors,2025-02-11
695,Backend Developer,NimbusTech,Hyderabad,Telangana,India,False,920859,0,Entry,"We are hiring a Backend Developer. Required skills: django, docker, fastapi. Strong adaptability and leadership expected. <p>Work with cross-functional teams to deliver impact.</p>","django, docker, fastapi",Contract,IT Services,BTech,2025-01-31
696,BI Analyst,Vertex Labs,Pune,Maharashtra,India,False,2678668,8,Senior,"We are hiring a BI Analyst. Required skills: tableau, communication, excel, power bi. Strong adaptability and problem solving expected. <p>Work with cross-functional teams to deliver impact.</p>","tableau, communication, excel, power bi",Internship,EdTech,BTech,2025-05-01
697,Frontend Developer,NimbusTech,Pune,Maharashtra,India,False,2546525,6,Senior,"We are hiring a Frontend Developer. Required skills: typescript, react, javascript. Strong teamwork and leadership expected. <p>Work with cross-functional teams to deliver impact.</p>","typescript, react, javascript",Full-time,IT Services,BTech,2025-06-29
698,Data Engineer,DataWorks,Delhi,Delhi,India,False,1194052,2,Mid,"We are hiring a Data Engineer. Required skills: docker, python, aws, airflow. Strong problem solving and teamwork expected. <p>Work with cross-functional teams to deliver impact.</p>","docker, python, aws, airflow",Contract,SaaS,Bachelors,2025-08-26
699,Data Engineer,DataWorks,Remote,Remote,India,True,2362429,14,Senior,"We are hiring a Data Engineer. Required skills: spark, airflow, aws, etl, sql. Strong adaptability and teamwork expected. <p>Work with cross-functional teams to deliver impact.</p>","spark, airflow, aws, etl, sql",Full-time,SaaS,Masters,2025-03-13
700,ML Engineer,Vertex Labs,Chennai,Tamil Nadu,India,False,2646403,10,Senior,"We are hiring a ML Engineer. Required skills: aws, python, pytorch, docker, mlops. Strong teamwork and communication expected. <p>Work with cross-functional teams to deliver impact.</p>","aws, python, pytorch, docker, mlops",Full-time,Fintech,Bachelors,2025-08-26
701,DevOps Engineer,PixelForge,Remote,Remote,India,True,1491047,2,Mid,"We are hiring a DevOps Engineer. Required skills: kubernetes, linux, jenkins, docker. Strong leadership and problem solving expected. <p>Work with cross-functional teams to deliver impact.</p>","kubernetes, linux, jenkins, docker",Contract,EdTech,Bachelors,2025-03-03
702,Backend Developer,NimbusTech,Hyderabad,Telangana,India,False,2461228,9,Senior,"We are hiring a Backend Developer. Required skills: fastapi, docker, sql, django, flask, python. Strong leadership and adaptability expected. <p>Work with cross-functional teams to deliver impact.</p>","fastapi, docker, sql, django, flask, python",Contract,SaaS,BTech,2025-06-25
703,Data Scientist,PixelForge,Remote,Remote,India,True,2390261,9,Senior,"We are hiring a Data Scientist. Required skills: scikit-learn, machine learning, numpy, pandas, python, sql, statistics. Strong problem solving and teamwork expected. <p>Work with cross-functional teams to deliver impact.</p>","scikit-learn, machine learning, numpy, pandas, python, sql, statistics",Internship,IT Services,Masters,2025-04-24
704,Software Engineer,BrightSoft,Pune,Maharashtra,India,False,1125156,2,Mid,"We are hiring a Software Engineer. Required skills: java, python, node.js, javascript, docker, git, react. Strong leadership and adaptability expected. <p>Work with cross-functional teams to deliver impact.</p>","java, python, node.js, javascript, docker, git, react",Full-time,SaaS,BTech,2025-03-12
705,Data Analyst,Acme Corp,Bangalore,Karnataka,India,False,2577484,7,Senior,"We are hiring a Data Analyst. Required skills: statistics, python, power bi, tableau, sql, pandas, excel. Strong adaptability and teamwork expected. <p>Work with cross-functional teams to deliver impact.</p>","statistics, python, power bi, tableau, sql, pandas, excel",Internship,SaaS,Masters,2025-08-11
706,ML Engineer,Vertex Labs,Bangalore,Karnataka,India,False,1300956,2,Mid,"We are hiring a ML Engineer. Required skills: docker, python, scikit-learn. Strong adaptability and communication expected. <p>Work with cross-functional teams to deliver impact.</p>","docker, python, scikit-learn",Contract,SaaS,BTech,2025-08-18
707,ML Engineer,NimbusTech,Hyderabad,Telangana,India,False,2715887,7,Senior,"We are hiring a ML Engineer. Required skills: scikit-learn, tensorflow, aws, python, mlops, pytorch, docker. Strong problem solving and communication expected. <p>Work with cross-functional teams to deliver impact.</p>","scikit-learn, tensorflow, aws, python, mlops, pytorch, docker",Full-time,Healthcare,Bachelors,2025-03-12
708,DevOps Engineer,DataWorks,Pune,Maharashtra,India,False,2497719,10,Senior,"We are hiring a DevOps Engineer. Required skills: linux, github actions, jenkins, docker. Strong problem solving and leadership expected. <p>Work with cross-functional teams to deliver impact.</p>","linux, github actions, jenkins, docker",Internship,SaaS,Bachelors,2025-05-25
709,Frontend Developer,NimbusTech,Remote,Remote,India,True,2131084,11,Senior,"We are hiring a Frontend Developer. Required skills: javascript, html, css. Strong communication and teamwork expected. <p>Work with cross-functional teams to deliver impact.</p>","javascript, html, css",Internship,E-commerce,MTech,2025-01-21
710,Data Engineer,StackWave,Pune,Maharashtra,India,False,597247,1,Entry,"We are hiring a Data Engineer. Required skills: etl, docker, sql, aws, airflow. Strong problem solving and leadership expected. <p>Work with cross-functional teams to deliver impact.</p>","etl, docker, sql, aws, airflow",Full-time,Fintech,BTech,2025-08-15
711,Data Engineer,NextGen AI,Pune,Maharashtra,India,False,795805,1,Entry,"We are hiring a Data Engineer. Required skills: spark, etl, airflow, docker. Strong leadership and teamwork expected. <p>Work with cross-functional teams to deliver impact.</p>","spark, etl, airflow, docker",Full-time,EdTech,MTech,2025-02-09
712,Backend Developer,NextGen AI,Mumbai,Maharashtra,India,False,2658236,11,Senior,"We are hiring a Backend Developer. Required skills: docker, fastapi, flask, sql. Strong problem solving and communication expected. <p>Work with cross-functional teams to deliver impact.</p>","docker, fastapi, flask, sql",Internship,Fintech,BTech,2025-02-25
713,Frontend Developer,StackWave,Pune,Maharashtra,India,False,1420366,5,Mid,"We are hiring a Frontend Developer. Required skills: javascript, html, typescript, css. Strong leadership and communication expected. <p>Work with cross-functional teams to deliver impact.</p>","javascript, html, typescript, css",Contract,SaaS,Bachelors,2025-06-11
714,Software Engineer,NimbusTech,Pune,Maharashtra,India,False,1331153,2,Mid,"We are hiring a Software Engineer. Required skills: java, react, git. Strong leadership and teamwork expected. <p>Work with cross-functional teams to deliver impact.</p>","java, react, git",Full-time,Healthcare,MTech,2025-06-01
715,DevOps Engineer,Vertex Labs,Pune,Maharashtra,India,False,2212078,12,Senior,"We are hiring a DevOps Engineer. Required skills: linux, jenkins, github actions, docker, kubernetes, aws. Strong adaptability and communication expected. <p>Work with cross-functional teams to deliver impact.</p>","linux, jenkins, github actions, docker, kubernetes, aws",Contract,Healthcare,BTech,2025-05-28
716,BI Analyst,NimbusTech,Remote,Remote,India,True,2296327,9,Senior,"We are hiring a BI Analyst. Required skills: sql, power bi, tableau, communication, excel. Strong problem solving and communication expected. <p>Work with cross-functional teams to deliver impact.</p>","sql, power bi, tableau, communication, excel",Full-time,E-commerce,Masters,2025-07-25
717,Software Engineer,Vertex Labs,Bangalore,Karnataka,India,False,663560,0,Entry,"We are hiring a Software Engineer. Required skills: react, java, docker, python, javascript, node.js. Strong teamwork and leadership expected. <p>Work with cross-functional teams to deliver impact.</p>","react, java, docker, python, javascript, node.js",Full-time,SaaS,Masters,2025-02-09
718,Backend Developer,Quantify Inc,Delhi,Delhi,India,False,1444570,5,Mid,"We are hiring a Backend Developer. Required skills: python, fastapi, django, sql, docker. Strong teamwork and communication expected. <p>Work with cross-functional teams to deliver impact.</p>","python, fastapi, django, sql, docker",Contract,Fintech,BTech,2025-07-15
719,ML Engineer,Vertex Labs,Mumbai,Maharashtra,India,False,2198202,13,Senior,"We are hiring a ML Engineer. Required skills: mlops, tensorflow, scikit-learn, docker, aws, pytorch. Strong adaptability and teamwork expected. <p>Work with cross-functional teams to deliver impact.</p>","mlops, tensorflow, scikit-learn, docker, aws, pytorch",Full-time,E-commerce,BTech,2025-03-29
720,Backend Developer,Acme Corp,Delhi,Delhi,India,False,607101,2,Entry,"We are hiring a Backend Developer. Required skills: sql, docker, fastapi. Strong teamwork and problem solving expected. <p>Work with cross-functional teams to deliver impact.</p>","sql, docker, fastapi",Contract,IT Services,BTech,2025-04-09
721,ML Engineer,NextGen AI,Hyderabad,Telangana,India,False,887559,1,Entry,"We are hiring a ML Engineer. Required skills: pytorch, tensorflow, scikit-learn, docker, aws, mlops. Strong communication and leadership expected. <p>Work with cross-functional teams to deliver impact.</p>","pytorch, tensorflow, scikit-learn, docker, aws, mlops",Full-time,E-commerce,Bachelors,2025-06-17
722,BI Analyst,PixelForge,Bangalore,Karnataka,India,False,2619754,13,Senior,"We are hiring a BI Analyst. Required skills: power bi, tableau, sql. Strong leadership and communication expected. <p>Work with cross-functional teams to deliver impact.</p>","power bi, tableau, sql",Contract,Healthcare,BTech,2025-07-09
723,Data Scientist,DataWorks,Chennai,Tamil Nadu,India,False,892099,0,Entry,"We are hiring a Data Scientist. Required skills: sql, scikit-learn, statistics, numpy, pandas, machine learning, python. Strong teamwork and communication expected. <p>Work with cross-functional teams to deliver impact.</p>","sql, scikit-learn, statistics, numpy, pandas, machine learning, python",Contract,SaaS,BTech,2025-02-20
724,Backend Developer,BrightSoft,Remote,Remote,India,True,1457235,4,Mid,"We are hiring a Backend Developer. Required skills: fastapi, python, docker, django, sql, flask. Strong leadership and problem solving expected. <p>Work with cross-functional teams to deliver impact.</p>","fastapi, python, docker, django, sql, flask",Internship,E-commerce,Bachelors,2025-05-19
725,AI Engineer,Cloudify,Remote,Remote,India,True,1147108,4,Mid,"We are hiring a AI Engineer. Required skills: nlp, aws, computer vision, python. Strong communication and leadership expected. <p>Work with cross-functional teams to deliver impact.</p>","nlp, aws, computer vision, python",Full-time,Fintech,Bachelors,2025-05-17
726,Data Scientist,StackWave,Hyderabad,Telangana,India,False,1578991,5,Mid,"We are hiring a Data Scientist. Required skills: machine learning, pandas, scikit-learn, statistics. Strong leadership and communication expected. <p>Work with cross-functional teams to deliver impact.</p>","machine learning, pandas, scikit-learn, statistics",Full-time,E-commerce,BTech,2025-01-10
727,ML Engineer,NimbusTech,Delhi,Delhi,India,False,2213470,12,Senior,"We are hiring a ML Engineer. Required skills: scikit-learn, mlops, python, docker, tensorflow, aws, pytorch. Strong problem solving and communication expected. <p>Work with cross-functional teams to deliver impact.</p>","scikit-learn, mlops, python, docker, tensorflow, aws, pytorch",Contract,IT Services,Masters,2025-05-27
728,AI Engineer,BrightSoft,Chennai,Tamil Nadu,India,False,1508170,5,Mid,"We are hiring a AI Engineer. Required skills: deep learning, aws, pytorch, nlp, python. Strong teamwork and problem solving expected. <p>Work with cross-functional teams to deliver impact.</p>","deep learning, aws, pytorch, nlp, python",Internship,SaaS,Bachelors,2025-06-04
729,BI Analyst,BrightSoft,Mumbai,Maharashtra,India,False,1146070,2,Mid,"We are hiring a BI Analyst. Required skills: tableau, communication, sql. Strong problem solving and leadership expected. <p>Work with cross-functional teams to deliver impact.</p>","tableau, communication, sql",Internship,SaaS,BTech,2025-01-25
730,Data Engineer,StackWave,Chennai,Tamil Nadu,India,False,913020,2,Entry,"We are hiring a Data Engineer. Required skills: python, docker, spark, sql. Strong leadership and problem solving expected. <p>Work with cross-functional teams to deliver impact.</p>","python, docker, spark, sql",Internship,Healthcare,MTech,2025-08-27
731,Backend Developer,Vertex Labs,Chennai,Tamil Nadu,India,False,1533212,3,Mid,"We are hiring a Backend Developer. Required skills: flask, docker, sql. Strong adaptability and teamwork expected. <p>Work with cross-functional teams to deliver impact.</p>","flask, docker, sql",Internship,Healthcare,BTech,2025-04-14
732,Data Analyst,Acme Corp,Mumbai,Maharashtra,India,False,1580083,4,Mid,"We are hiring a Data Analyst. Required skills: python, pandas, power bi, excel, statistics, tableau, sql. Strong teamwork and adaptability expected. <p>Work with cross-functional teams to deliver impact.</p>","python, pandas, power bi, excel, statistics, tableau, sql",Internship,E-commerce,MTech,2025-04-17
733,Data Analyst,DataWorks,Chennai,Tamil Nadu,India,False,2279492,15,Senior,"We are hiring a Data Analyst. Required skills: tableau, pandas, power bi, sql, statistics. Strong leadership and teamwork expected. <p>Work with cross-functional teams to deliver impact.</p>","tableau, pandas, power bi, sql, statistics",Full-time,IT Services,BTech,2025-02-15
734,ML Engineer,Vertex Labs,Remote,Remote,India,True,1481223,2,Mid,"We are hiring a ML Engineer. Required skills: aws, docker, tensorflow, pytorch, scikit-learn, mlops. Strong leadership and adaptability expected. <p>Work with cross-functional teams to deliver impact.</p>","aws, docker, tensorflow, pytorch, scikit-learn, mlops",Contract,E-commerce,MTech,2025-02-10
735,ML Engineer,PixelForge,Mumbai,Maharashtra,India,False,2608409,15,Senior,"We are hiring a ML Engineer. Required skills: tensorflow, python, aws, mlops, pytorch, scikit-learn. Strong leadership and teamwork expected. <p>Work with cross-functional teams to deliver impact.</p>","tensorflow, python, aws, mlops, pytorch, scikit-learn",Internship,IT Services,Masters,2025-02-05
736,DevOps Engineer,DataWorks,Hyderabad,Telangana,India,False,904837,1,Entry,"We are hiring a DevOps Engineer. Required skills: github actions, linux, jenkins. Strong problem solving and communication expected. <p>Work with cross-functional teams to deliver impact.</p>","github actions, linux, jenkins",Internship,EdTech,MTech,2025-05-22
737,Backend Developer,BrightSoft,Pune,Maharashtra,India,False,569093,0,Entry,"We are hiring a Backend Developer. Required skills: django, fastapi, flask, sql. Strong communication and adaptability expected. <p>Work with cross-functional teams to deliver impact.</p>","django, fastapi, flask, sql",Full-time,EdTech,MTech,2025-04-28
738,Data Engineer,PixelForge,Bangalore,Karnataka,India,False,523892,0,Entry,"We are hiring a Data Engineer. Required skills: airflow, sql, docker, etl, spark, python, aws. Strong adaptability and leadership expected. <p>Work with cross-functional teams to deliver impact.</p>","airflow, sql, docker, etl, spark, python, aws",Contract,IT Services,MTech,2025-03-08
739,Backend Developer,Acme Corp,Chennai,Tamil Nadu,India,False,1427749,2,Mid,"We are hiring a Backend Developer. Required skills: docker, sql, python. Strong problem solving and leadership expected. <p>Work with cross-functional teams to deliver impact.</p>","docker, sql, python",Internship,EdTech,MTech,2025-04-20
740,Data Scientist,NimbusTech,Delhi,Delhi,India,False,766342,2,Entry,"We are hiring a Data Scientist. Required skills: pandas, numpy, statistics. Strong teamwork and leadership expected. <p>Work with cross-functional teams to deliver impact.</p>","pandas, numpy, statistics",Full-time,E-commerce,Bachelors,2025-03-26
741,Data Scientist,StackWave,Mumbai,Maharashtra,India,False,2440450,13,Senior,"We are hiring a Data Scientist. Required skills: machine learning, scikit-learn, pandas, numpy, statistics, sql. Strong problem solving and communication expected. <p>Work with cross-functional teams to deliver impact.</p>","machine learning, scikit-learn, pandas, numpy, statistics, sql",Full-time,Fintech,BTech,2025-01-07
742,Data Engineer,BrightSoft,Mumbai,Maharashtra,India,False,911229,2,Entry,"We are hiring a Data Engineer. Required skills: aws, spark, docker, etl, airflow. Strong teamwork and adaptability expected. <p>Work with cross-functional teams to deliver impact.</p>","aws, spark, docker, etl, airflow",Full-time,EdTech,BTech,2025-08-08
743,BI Analyst,NextGen AI,Pune,Maharashtra,India,False,963296,2,Entry,"We are hiring a BI Analyst. Required skills: power bi, sql, excel, communication. Strong leadership and adaptability expected. <p>Work with cross-functional teams to deliver impact.</p>","power bi, sql, excel, communication",Internship,Fintech,BTech,2025-06-14
744,ML Engineer,DataWorks,Delhi,Delhi,India,False,2204923,13,Senior,"We are hiring a ML Engineer. Required skills: mlops, aws, tensorflow, scikit-learn, pytorch, docker, python. Strong problem solving and teamwork expected. <p>Work with cross-functional teams to deliver impact.</p>","mlops, aws, tensorflow, scikit-learn, pytorch, docker, python",Contract,Fintech,Masters,2025-02-08
745,AI Engineer,Vertex Labs,Chennai,Tamil Nadu,India,False,1559577,6,Mid,"We are hiring a AI Engineer. Required skills: aws, pytorch, nlp. Strong teamwork and problem solving expected. <p>Work with cross-functional teams to deliver impact.</p>","aws, pytorch, nlp",Internship,IT Services,MTech,2025-06-10
746,Data Scientist,NimbusTech,Hyderabad,Telangana,India,False,1318511,6,Mid,"We are hiring a Data Scientist. Required skills: statistics, python, numpy, machine learning, scikit-learn. Strong teamwork and adaptability expected. <p>Work with cross-functional teams to deliver impact.</p>","statistics, python, numpy, machine learning, scikit-learn",Internship,SaaS,MTech,2025-02-15
747,Data Analyst,Vertex Labs,Hyderabad,Telangana,India,False,728641,2,Entry,"We are hiring a Data Analyst. Required skills: excel, tableau, statistics, python, pandas, power bi, sql. Strong adaptability and leadership expected. <p>Work with cross-functional teams to deliver impact.</p>","excel, tableau, statistics, python, pandas, power bi, sql",Contract,IT Services,Bachelors,2025-03-23
748,Data Scientist,StackWave,Remote,Remote,India,True,1255437,2,Mid,"We are hiring a Data Scientist. Required skills: scikit-learn, python, sql, machine learning. Strong leadership and problem solving expected. <p>Work with cross-functional teams to deliver impact.</p>","scikit-learn, python, sql, machine learning",Internship,IT Services,MTech,2025-08-09
749,Data Scientist,Cloudify,Mumbai,Maharashtra,India,False,1255107,4,Mid,"We are hiring a Data Scientist. Required skills: sql, machine learning, pandas, scikit-learn, python, statistics. Strong adaptability and leadership expected. <p>Work with cross-functional teams to deliver impact.</p>","sql, machine learning, pandas, scikit-learn, python, statistics",Internship,E-commerce,BTech,2025-03-09
750,Backend Developer,NextGen AI,Bangalore,Karnataka,India,False,1364713,3,Mid,"We are hiring a Backend Developer. Required skills: flask, docker, sql, fastapi. Strong leadership and adaptability expected. <p>Work with cross-functional teams to deliver impact.</p>","flask, docker, sql, fastapi",Full-time,Fintech,Bachelors,2025-07-14
751,BI Analyst,BrightSoft,Pune,Maharashtra,India,False,976154,0,Entry,"We are hiring a BI Analyst. Required skills: tableau, sql, power bi, communication, excel. Strong problem solving and leadership expected. <p>Work with cross-functional teams to deliver impact.</p>","tableau, sql, power bi, communication, excel",Full-time,SaaS,BTech,2025-08-26
752,DevOps Engineer,Cloudify,Remote,Remote,India,True,594765,1,Entry,"We are hiring a DevOps Engineer. Required skills: github actions, kubernetes, aws, docker. Strong adaptability and leadership expected. <p>Work with cross-functional teams to deliver impact.</p>","github actions, kubernetes, aws, docker",Internship,EdTech,MTech,2025-07-19
753,AI Engineer,Quantify Inc,Chennai,Tamil Nadu,India,False,760664,1,Entry,"We are hiring a AI Engineer. Required skills: nlp, computer vision, aws, pytorch. Strong problem solving and leadership expected. <p>Work with cross-functional teams to deliver impact.</p>","nlp, computer vision, aws, pytorch",Internship,Healthcare,MTech,2025-01-02
754,BI Analyst,Vertex Labs,Chennai,Tamil Nadu,India,False,622035,1,Entry,"We are hiring a BI Analyst. Required skills: excel, tableau, communication. Strong problem solving and adaptability expected. <p>Work with cross-functional teams to deliver impact.</p>","excel, tableau, communication",Contract,IT Services,BTech,2025-04-20
755,BI Analyst,Quantify Inc,Hyderabad,Telangana,India,False,1371293,2,Mid,"We are hiring a BI Analyst. Required skills: communication, power bi, sql, excel. Strong adaptability and leadership expected. <p>Work with cross-functional teams to deliver impact.</p>","communication, power bi, sql, excel",Full-time,SaaS,MTech,2025-06-26
756,Frontend Developer,Quantify Inc,Remote,Remote,India,True,797395,0,Entry,"We are hiring a Frontend Developer. Required skills: typescript, css, javascript. Strong problem solving and communication expected. <p>Work with cross-functional teams to deliver impact.</p>","typescript, css, javascript",Contract,Fintech,Bachelors,2025-03-25
757,BI Analyst,StackWave,Hyderabad,Telangana,India,False,753767,2,Entry,"We are hiring a BI Analyst. Required skills: power bi, tableau, excel. Strong adaptability and problem solving expected. <p>Work with cross-functional teams to deliver impact.</p>","power bi, tableau, excel",Internship,EdTech,BTech,2025-06-26
758,Data Analyst,Vertex Labs,Pune,Maharashtra,India,False,1521075,3,Mid,"We are hiring a Data Analyst. Required skills: statistics, python, excel, tableau. Strong leadership and problem solving expected. <p>Work with cross-functional teams to deliver impact.</p>","statistics, python, excel, tableau",Contract,Fintech,BTech,2025-03-07
759,DevOps Engineer,NextGen AI,Chennai,Tamil Nadu,India,False,1073214,5,Mid,"We are hiring a DevOps Engineer. Required skills: kubernetes, docker, jenkins. Strong problem solving and communication expected. <p>Work with cross-functional teams to deliver impact.</p>","kubernetes, docker, jenkins",Internship,Healthcare,Bachelors,2025-05-10
760,Software Engineer,NextGen AI,Remote,Remote,India,True,2355909,7,Senior,"We are hiring a Software Engineer. Required skills: react, javascript, node.js, git, docker, python, java. Strong communication and leadership expected. <p>Work with cross-functional teams to deliver impact.</p>","react, javascript, node.js, git, docker, python, java",Internship,SaaS,Masters,2025-07-12
761,Data Scientist,Quantify Inc,Mumbai,Maharashtra,India,False,2526316,8,Senior,"We are hiring a Data Scientist. Required skills: sql, numpy, scikit-learn, statistics, machine learning, python. Strong adaptability and leadership expected. <p>Work with cross-functional teams to deliver impact.</p>","sql, numpy, scikit-learn, statistics, machine learning, python",Full-time,Healthcare,BTech,2025-01-02
762,DevOps Engineer,Vertex Labs,Remote,Remote,India,True,1549989,6,Mid,"We are hiring a DevOps Engineer. Required skills: docker, linux, kubernetes, jenkins, aws, github actions. Strong adaptability and problem solving expected. <p>Work with cross-functional teams to deliver impact.</p>","docker, linux, kubernetes, jenkins, aws, github actions",Internship,EdTech,Masters,2025-02-18
763,ML Engineer,DataWorks,Remote,Remote,India,True,2495449,8,Senior,"We are hiring a ML Engineer. Required skills: tensorflow, pytorch, python, aws. Strong problem solving and adaptability expected. <p>Work with cross-functional teams to deliver impact.</p>","tensorflow, pytorch, python, aws",Full-time,SaaS,Masters,2025-02-21
764,AI Engineer,Acme Corp,Bangalore,Karnataka,India,False,1423335,3,Mid,"We are hiring a AI Engineer. Required skills: computer vision, nlp, pytorch, python. Strong leadership and teamwork expected. <p>Work with cross-functional teams to deliver impact.</p>","computer vision, nlp, pytorch, python",Contract,IT Services,MTech,2025-04-23
765,BI Analyst,DataWorks,Remote,Remote,India,True,951585,0,Entry,"We are hiring a BI Analyst. Required skills: power bi, excel, tableau. Strong teamwork and adaptability expected. <p>Work with cross-functional teams to deliver impact.</p>","power bi, excel, tableau",Full-time,Healthcare,BTech,2025-07-11
766,Software Engineer,PixelForge,Bangalore,Karnataka,India,False,2568489,6,Senior,"We are hiring a Software Engineer. Required skills: java, docker, python, javascript, git, react. Strong leadership and communication expected. <p>Work with cross-functional teams to deliver impact.</p>","java, docker, python, javascript, git, react",Contract,E-commerce,BTech,2025-08-03
767,Data Scientist,Cloudify,Bangalore,Karnataka,India,False,2458060,13,Senior,"We are hiring a Data Scientist. Required skills: sql, machine learning, numpy, pandas, statistics, python. Strong communication and teamwork expected. <p>Work with cross-functional teams to deliver impact.</p>","sql, machine learning, numpy, pandas, statistics, python",Full-time,Fintech,Bachelors,2025-02-02
768,Backend Developer,NimbusTech,Remote,Remote,India,True,2565029,11,Senior,"We are hiring a Backend Developer. Required skills: django, fastapi, python, sql. Strong leadership and teamwork expected. <p>Work with cross-functional teams to deliver impact.</p>","django, fastapi, python, sql",Full-time,EdTech,Masters,2025-07-09
769,ML Engineer,Acme Corp,Remote,Remote,India,True,1386669,4,Mid,"We are hiring a ML Engineer. Required skills: python, pytorch, mlops, docker, aws. Strong communication and problem solving expected. <p>Work with cross-functional teams to deliver impact.</p>","python, pytorch, mlops, docker, aws",Full-time,Healthcare,Bachelors,2025-07-08
770,ML Engineer,DataWorks,Delhi,Delhi,India,False,539547,1,Entry,"We are hiring a ML Engineer. Required skills: python, aws, docker, pytorch, mlops, tensorflow. Strong leadership and adaptability expected. <p>Work with cross-functional teams to deliver impact.</p>","python, aws, docker, pytorch, mlops, tensorflow",Contract,EdTech,MTech,2025-02-04
771,DevOps Engineer,Quantify Inc,Pune,Maharashtra,India,False,1111080,4,Mid,"We are hiring a DevOps Engineer. Required skills: aws, jenkins, github actions. Strong leadership and teamwork expected. <p>Work with cross-functional teams to deliver impact.</p>","aws, jenkins, github actions",Full-time,Fintech,Masters,2025-07-26
772,ML Engineer,NimbusTech,Hyderabad,Telangana,India,False,1292847,2,Mid,"We are hiring a ML Engineer. Required skills: scikit-learn, python, mlops, docker. Strong problem solving and adaptability expected. <p>Work with cross-functional teams to deliver impact.</p>","scikit-learn, python, mlops, docker",Internship,Healthcare,BTech,2025-07-14
773,ML Engineer,NimbusTech,Hyderabad,Telangana,India,False,1065017,2,Mid,"We are hiring a ML Engineer. Required skills: docker, tensorflow, pytorch, python, scikit-learn. Strong communication and teamwork expected. <p>Work with cross-functional teams to deliver impact.</p>","docker, tensorflow, pytorch, python, scikit-learn",Full-time,Healthcare,BTech,2025-01-03
774,DevOps Engineer,DataWorks,Remote,Remote,India,True,931229,1,Entry,"We are hiring a DevOps Engineer. Required skills: jenkins, aws, kubernetes, github actions, linux, docker. Strong problem solving and adaptability expected. <p>Work with cross-functional teams to deliver impact.</p>","jenkins, aws, kubernetes, github actions, linux, docker",Contract,Fintech,BTech,2025-03-29
775,Frontend Developer,DataWorks,Remote,Remote,India,True,582359,1,Entry,"We are hiring a Frontend Developer. Required skills: css, javascript, typescript, react, html. Strong teamwork and leadership expected. <p>Work with cross-functional teams to deliver impact.</p>","css, javascript, typescript, react, html",Full-time,IT Services,BTech,2025-02-02
776,Software Engineer,Acme Corp,Hyderabad,Telangana,India,False,682634,1,Entry,"We are hiring a Software Engineer. Required skills: react, docker, node.js, python, javascript. Strong teamwork and problem solving expected. <p>Work with cross-functional teams to deliver impact.</p>","react, docker, node.js, python, javascript",Internship,EdTech,Masters,2025-05-25
777,Backend Developer,NimbusTech,Hyderabad,Telangana,India,False,2215002,11,Senior,"We are hiring a Backend Developer. Required skills: sql, flask, django. Strong adaptability and teamwork expected. <p>Work with cross-functional teams to deliver impact.</p>","sql, flask, django",Internship,Fintech,MTech,2025-08-08
778,Data Engineer,Acme Corp,Hyderabad,Telangana,India,False,1364565,5,Mid,"We are hiring a Data Engineer. Required skills: python, airflow, spark, docker, aws. Strong communication and problem solving expected. <p>Work with cross-functional teams to deliver impact.</p>","python, airflow, spark, docker, aws",Internship,EdTech,BTech,2025-02-23
779,DevOps Engineer,PixelForge,Delhi,Delhi,India,False,577188,1,Entry,"We are hiring a DevOps Engineer. Required skills: docker, jenkins, kubernetes. Strong leadership and teamwork expected. <p>Work with cross-functional teams to deliver impact.</p>","docker, jenkins, kubernetes",Full-time,E-commerce,Bachelors,2025-02-27
780,AI Engineer,NextGen AI,Bangalore,Karnataka,India,False,1152989,4,Mid,"We are hiring a AI Engineer. Required skills: computer vision, python, pytorch, deep learning. Strong problem solving and communication expected. <p>Work with cross-functional teams to deliver impact.</p>","computer vision, python, pytorch, deep learning",Internship,EdTech,MTech,2025-03-01
781,Frontend Developer,DataWorks,Delhi,Delhi,India,False,2397861,6,Senior,"We are hiring a Frontend Developer. Required skills: javascript, css, html, typescript. Strong leadership and adaptability expected. <p>Work with cross-functional teams to deliver impact.</p>","javascript, css, html, typescript",Internship,Fintech,MTech,2025-07-14
782,AI Engineer,PixelForge,Chennai,Tamil Nadu,India,False,2648554,9,Senior,"We are hiring a AI Engineer. Required skills: deep learning, python, aws, nlp. Strong leadership and communication expected. <p>Work with cross-functional teams to deliver impact.</p>","deep learning, python, aws, nlp",Internship,IT Services,BTech,2025-08-04
783,AI Engineer,Vertex Labs,Mumbai,Maharashtra,India,False,1559134,2,Mid,"We are hiring a AI Engineer. Required skills: aws, deep learning, nlp, pytorch, computer vision. Strong adaptability and leadership expected. <p>Work with cross-functional teams to deliver impact.</p>","aws, deep learning, nlp, pytorch, computer vision",Full-time,EdTech,MTech,2025-06-20
784,AI Engineer,StackWave,Remote,Remote,India,True,2223034,6,Senior,"We are hiring a AI Engineer. Required skills: aws, computer vision, deep learning. Strong communication and adaptability expected. <p>Work with cross-functional teams to deliver impact.</p>","aws, computer vision, deep learning",Full-time,Fintech,BTech,2025-05-29
785,DevOps Engineer,Acme Corp,Chennai,Tamil Nadu,India,False,2622772,12,Senior,"We are hiring a DevOps Engineer. Required skills: jenkins, docker, aws, linux, kubernetes, github actions. Strong teamwork and adaptability expected. <p>Work with cross-functional teams to deliver impact.</p>","jenkins, docker, aws, linux, kubernetes, github actions",Full-time,SaaS,BTech,2025-01-26
786,AI Engineer,BrightSoft,Pune,Maharashtra,India,False,950462,1,Entry,"We are hiring a AI Engineer. Required skills: python, computer vision, nlp, pytorch, deep learning, aws. Strong teamwork and adaptability expected. <p>Work with cross-functional teams to deliver impact.</p>","python, computer vision, nlp, pytorch, deep learning, aws",Internship,EdTech,BTech,2025-07-09
787,BI Analyst,DataWorks,Pune,Maharashtra,India,False,1350691,6,Mid,"We are hiring a BI Analyst. Required skills: power bi, excel, sql, communication. Strong communication and leadership expected. <p>Work with cross-functional teams to deliver impact.</p>","power bi, excel, sql, communication",Contract,EdTech,MTech,2025-06-13
788,ML Engineer,Vertex Labs,Bangalore,Karnataka,India,False,1186895,3,Mid,"We are hiring a ML Engineer. Required skills: pytorch, tensorflow, docker, scikit-learn, mlops, aws. Strong adaptability and problem solving expected. <p>Work with cross-functional teams to deliver impact.</p>","pytorch, tensorflow, docker, scikit-learn, mlops, aws",Internship,SaaS,BTech,2025-07-13
789,Backend Developer,NimbusTech,Chennai,Tamil Nadu,India,False,706163,0,Entry,"We are hiring a Backend Developer. Required skills: fastapi, sql, python, docker. Strong problem solving and adaptability expected. <p>Work with cross-functional teams to deliver impact.</p>","fastapi, sql, python, docker",Contract,Fintech,MTech,2025-01-27
790,AI Engineer,Acme Corp,Mumbai,Maharashtra,India,False,697087,0,Entry,"We are hiring a AI Engineer. Required skills: nlp, pytorch, computer vision. Strong leadership and teamwork expected. <p>Work with cross-functional teams to deliver impact.</p>","nlp, pytorch, computer vision",Internship,Fintech,Masters,2025-08-13
791,Data Engineer,PixelForge,Delhi,Delhi,India,False,671577,2,Entry,"We are hiring a Data Engineer. Required skills: docker, sql, etl, python, aws, airflow. Strong teamwork and leadership expected. <p>Work with cross-functional teams to deliver impact.</p>","docker, sql, etl, python, aws, airflow",Internship,EdTech,MTech,2025-07-11
792,AI Engineer,Cloudify,Mumbai,Maharashtra,India,False,1191025,4,Mid,"We are hiring a AI Engineer. Required skills: nlp, computer vision, aws, pytorch, python. Strong teamwork and adaptability expected. <p>Work with cross-functional teams to deliver impact.</p>","nlp, computer vision, aws, pytorch, python",Full-time,EdTech,MTech,2025-05-18
793,Software Engineer,StackWave,Delhi,Delhi,India,False,2392206,9,Senior,"We are hiring a Software Engineer. Required skills: docker, node.js, java. Strong communication and leadership expected. <p>Work with cross-functional teams to deliver impact.</p>","docker, node.js, java",Internship,Healthcare,MTech,2025-06-01
794,BI Analyst,DataWorks,Delhi,Delhi,India,False,1165063,2,Mid,"We are hiring a BI Analyst. Required skills: power bi, sql, tableau. Strong problem solving and communication expected. <p>Work with cross-functional teams to deliver impact.</p>","power bi, sql, tableau",Internship,E-commerce,BTech,2025-08-18
795,Data Analyst,PixelForge,Hyderabad,Telangana,India,False,2722629,11,Senior,"We are hiring a Data Analyst. Required skills: power bi, statistics, sql, pandas, python, tableau, excel. Strong teamwork and problem solving expected. <p>Work with cross-functional teams to deliver impact.</p>","power bi, statistics, sql, pandas, python, tableau, excel",Full-time,EdTech,Bachelors,2025-07-02
796,Software Engineer,NimbusTech,Chennai,Tamil Nadu,India,False,2378052,15,Senior,"We are hiring a Software Engineer. Required skills: python, docker, node.js, git, javascript, java, react. Strong communication and leadership expected. <p>Work with cross-functional teams to deliver impact.</p>","python, docker, node.js, git, javascript, java, react",Internship,IT Services,BTech,2025-01-23
797,Data Scientist,NimbusTech,Pune,Maharashtra,India,False,842409,1,Entry,"We are hiring a Data Scientist. Required skills: statistics, machine learning, scikit-learn, sql, pandas, numpy. Strong leadership and problem solving expected. <p>Work with cross-functional teams to deliver impact.</p>","statistics, machine learning, scikit-learn, sql, pandas, numpy",Contract,IT Services,Masters,2025-03-08
798,BI Analyst,NextGen AI,Chennai,Tamil Nadu,India,False,2208595,13,Senior,"We are hiring a BI Analyst. Required skills: power bi, tableau, excel. Strong problem solving and communication expected. <p>Work with cross-functional teams to deliver impact.</p>","power bi, tableau, excel",Internship,IT Services,Bachelors,2025-06-24
799,Software Engineer,StackWave,Pune,Maharashtra,India,False,438996,0,Entry,"We are hiring a Software Engineer. Required skills: java, python, node.js. Strong adaptability and problem solving expected. <p>Work with cross-functional teams to deliver impact.</p>","java, python, node.js",Full-time,Fintech,Masters,2025-06-12
800,DevOps Engineer,NextGen AI,Delhi,Delhi,India,False,2356113,8,Senior,"We are hiring a DevOps Engineer. Required skills: kubernetes, github actions, linux, jenkins, docker, aws. Strong teamwork and leadership expected. <p>Work with cross-functional teams to deliver impact.</p>","kubernetes, github actions, linux, jenkins, docker, aws",Full-time,EdTech,Bachelors,2025-08-28
